date,ticker,open,high,low,close,volume,date,Price_Increase,consc Increas,2day,dollowed by 3 more increase,3day,follow by 2 more
9/23/2020,AVAX,5.32165397,5.32930962,3.98260404,4.11846862,173091214.4,2020,0,0,0,0,0,0
9/24/2020,AVAX,3.81792536,4.7518783,3.53988692,4.56656107,96110963.56,2020,1,0,0,0,0,0
9/25/2020,AVAX,4.61402804,4.95867258,4.24079849,4.71227917,55854396.78,2020,1,0,0,0,0,0
9/26/2020,AVAX,4.71373648,4.81775221,4.37677358,4.53924857,27304545.98,2020,0,1,0,0,0,0
9/27/2020,AVAX,4.53528875,4.69547225,4.13801226,4.62553553,23243191.66,2020,1,1,0,0,0,0
9/28/2020,AVAX,4.63600884,4.64236705,4.20480313,4.20480313,20624309.65,2020,0,0,0,0,0,0
9/29/2020,AVAX,4.20590558,4.28064063,3.97066231,4.14295087,16706916.81,2020,0,2,0,0,0,0
9/30/2020,AVAX,4.14329318,4.39227781,4.01505614,4.32254623,16932875.58,2020,1,0,1,0,0,0
10/1/2020,AVAX,4.32427861,4.49329163,4.05929393,4.15109018,23903200.93,2020,0,0,0,0,0,0
10/2/2020,AVAX,4.14960395,4.20649217,3.69385177,3.92715641,30467406.07,2020,0,1,0,0,0,0
10/3/2020,AVAX,3.92574773,4.1661555,3.88023862,4.02165954,11967393.66,2020,1,0,0,0,0,0
10/4/2020,AVAX,4.02298282,4.06501609,3.85581733,3.96110965,12949575.33,2020,0,0,0,0,0,0
10/5/2020,AVAX,3.96058635,4.03636165,3.88612272,3.97801988,8980051.25,2020,1,1,0,0,0,0
10/6/2020,AVAX,3.98250364,3.98250364,3.51910221,3.53765781,15048997.78,2020,0,0,0,0,0,0
10/7/2020,AVAX,3.53880902,3.54297993,3.2302658,3.44681826,15674565.65,2020,0,2,0,0,0,0
10/8/2020,AVAX,3.44815649,3.92556412,3.34242517,3.90427907,15215458.15,2020,1,0,1,0,0,0
10/9/2020,AVAX,3.91157435,4.27915711,3.81881726,4.23530482,13043373.34,2020,1,0,0,0,0,0
10/10/2020,AVAX,4.24196307,4.25098879,4.01629356,4.0267045,14539710.75,2020,0,1,0,0,0,0
10/11/2020,AVAX,4.02243483,4.15848307,3.97083903,4.09587934,11454884.93,2020,1,1,0,0,0,0
10/12/2020,AVAX,4.09250328,4.68679947,4.05172178,4.41573976,14445437.22,2020,1,0,0,0,0,0
10/13/2020,AVAX,4.41315023,4.54139188,4.33464584,4.48805379,14050397.56,2020,1,2,0,0,0,0
10/14/2020,AVAX,4.48389387,4.48544775,4.02253581,4.15005578,10004481.35,2020,0,1,1,0,0,0
10/15/2020,AVAX,4.15292787,4.2135414,4.01629039,4.12735307,6998969.66,2020,0,3,0,0,0,0
10/16/2020,AVAX,4.12786557,4.15539265,3.8870107,4.04048023,9790610.43,2020,0,0,0,0,1,0
10/17/2020,AVAX,4.03854072,4.19600869,3.97669431,4.19600869,6113717.11,2020,1,0,0,0,0,0
10/18/2020,AVAX,4.19232299,4.24636654,4.08395151,4.11606159,3717530.72,2020,0,0,0,0,0,0
10/19/2020,AVAX,4.11776531,4.16093878,3.99786687,4.05031145,5848392.05,2020,0,1,0,0,0,0
10/20/2020,AVAX,4.05350404,4.08160994,3.7143789,3.80220148,19646467.19,2020,0,0,0,0,0,0
10/21/2020,AVAX,3.80043858,4.10850458,3.79433369,3.96595864,23475818.62,2020,1,0,0,0,0,0
10/22/2020,AVAX,3.97172469,4.49804432,3.96215341,4.31442085,24178361.26,2020,1,0,0,0,0,0
10/23/2020,AVAX,4.33092903,4.48689406,4.14967247,4.26210578,19482074.42,2020,0,1,0,0,0,0
10/24/2020,AVAX,4.26210578,4.35265955,4.16198021,4.18969951,16681037.05,2020,0,1,0,0,0,0
10/25/2020,AVAX,4.18969951,4.25797176,4.10539528,4.15321015,15517938.56,2020,0,0,0,0,0,0
10/26/2020,AVAX,4.15321015,4.47907144,4.04967754,4.16097292,9243754.93,2020,1,0,0,0,0,0
10/27/2020,AVAX,4.16097292,4.34970905,4.0436588,4.12224302,17600880.78,2020,0,0,0,0,0,0
10/28/2020,AVAX,4.12224302,4.17780547,3.93502735,4.06660637,19435211.04,2020,0,1,0,0,0,0
10/29/2020,AVAX,4.06660637,4.10639614,3.73338322,3.77531205,6527859.23,2020,0,0,0,0,0,0
10/30/2020,AVAX,3.77531205,3.81917247,3.58012673,3.71493759,28434550.48,2020,0,0,0,0,0,0
10/31/2020,AVAX,3.71493759,3.74353629,3.58513627,3.64836809,20452534.65,2020,0,0,0,0,0,0
11/1/2020,AVAX,3.64836809,3.71667633,3.55598382,3.68266358,15953276.51,2020,1,0,0,0,0,0
11/2/2020,AVAX,3.68266358,3.85450266,3.61439695,3.62391496,20039697.14,2020,0,0,0,0,0,0
11/3/2020,AVAX,3.62391496,3.65555442,3.24225744,3.33274693,24573095.23,2020,0,1,0,0,0,0
11/4/2020,AVAX,3.33274693,3.37665949,3.0028878,3.18463303,20709818.73,2020,0,0,0,0,0,0
11/5/2020,AVAX,3.18463303,3.37709838,3.0228432,3.35820473,26135754.29,2020,1,0,0,0,0,0
11/6/2020,AVAX,3.35820473,3.6452424,3.31802363,3.59528234,33947028.83,2020,1,0,0,0,0,0
11/7/2020,AVAX,3.59528234,3.90710635,3.38267645,3.40340829,34653202.95,2020,0,1,0,0,0,0
11/8/2020,AVAX,3.40340829,3.65081603,3.36806796,3.47659784,26072940.86,2020,1,1,0,0,0,0
11/9/2020,AVAX,3.47659784,3.53932119,3.26588732,3.41712498,25509378.22,2020,0,0,0,0,0,0
11/10/2020,AVAX,3.41712498,3.64052021,3.36972837,3.58614225,24316550.96,2020,1,2,0,0,0,0
11/11/2020,AVAX,3.58614225,3.81014814,3.45720007,3.48435579,24727643.61,2020,0,0,1,0,0,0
11/12/2020,AVAX,3.48435579,3.56057677,3.31976855,3.42914335,25090676.95,2020,0,3,0,0,0,0
11/13/2020,AVAX,3.42914335,3.69781664,3.39180691,3.69780082,27584233.25,2020,1,0,0,0,1,0
11/14/2020,AVAX,3.69780082,3.69780082,3.40367375,3.50048529,24359586.79,2020,0,0,0,0,0,0
11/15/2020,AVAX,3.50048529,3.64245248,3.42289759,3.53658018,22702610.25,2020,1,1,0,0,0,0
11/16/2020,AVAX,3.53658018,3.81652425,3.4591204,3.71665631,27372173.72,2020,1,0,0,0,0,0
11/17/2020,AVAX,3.78871435,3.91511214,3.6982418,3.83176823,23031676.65,2020,1,2,0,0,0,0
11/18/2020,AVAX,3.83176823,3.87104269,3.57569865,3.74868105,20818648.74,2020,0,1,1,0,0,0
11/19/2020,AVAX,3.74868105,3.81644162,3.57069686,3.62700441,21489339.31,2020,0,3,0,0,0,0
11/20/2020,AVAX,3.62700441,3.98702449,3.62453476,3.71060488,27416995.08,2020,1,0,0,0,1,0
11/21/2020,AVAX,3.71060488,4.08380332,3.69236078,4.0018561,25984283.37,2020,1,0,0,0,0,0
11/22/2020,AVAX,4.0018561,4.0580503,3.7167929,3.88996878,25963010.06,2020,0,1,0,0,0,0
11/23/2020,AVAX,3.88996878,4.25451766,3.84812282,4.06842842,9013817.36,2020,1,1,0,0,0,0
11/24/2020,AVAX,4.06852291,4.3278876,3.87028017,4.26696585,30722083.31,2020,1,0,0,0,0,0
11/25/2020,AVAX,4.26771288,4.40034345,3.93389239,4.049503,28505942.36,2020,0,2,0,0,0,0
11/26/2020,AVAX,4.04999217,4.08481046,3.30287778,3.52771037,35408249.27,2020,0,1,1,0,0,0
11/27/2020,AVAX,3.52670747,3.76390286,3.42587916,3.59215223,6023810.06,2020,1,0,0,0,0,0
11/28/2020,AVAX,3.58942683,3.69780617,3.48022386,3.62450296,17509243.69,2020,1,0,0,0,0,0
11/29/2020,AVAX,3.62460762,3.76720498,3.532624,3.70431158,3901221.42,2020,1,1,0,0,0,0
11/30/2020,AVAX,3.70434574,3.81383896,3.64564719,3.68642396,21457283.89,2020,0,1,0,0,0,0
12/1/2020,AVAX,3.68646101,3.81616068,3.49248357,3.57931844,24719235.56,2020,0,2,0,0,0,0
12/2/2020,AVAX,3.57934731,3.84222013,3.52901898,3.7314181,5085526.38,2020,1,0,1,0,0,0
12/3/2020,AVAX,3.73613857,3.89494867,3.71764626,3.82192168,21038214.99,2020,1,0,0,0,0,0
12/4/2020,AVAX,3.82193974,3.86014779,3.51884925,3.55112901,23754809.35,2020,0,1,0,0,0,0
12/5/2020,AVAX,3.53839443,3.71192138,3.50854145,3.61512609,21215020.3,2020,1,1,0,0,0,0
12/6/2020,AVAX,3.61513206,3.67585727,3.50910807,3.59960891,20224611.88,2020,0,0,0,0,0,0
12/7/2020,AVAX,3.59966269,3.60988554,3.32559207,3.39212272,16909345.92,2020,0,2,0,0,0,0
12/8/2020,AVAX,3.39242034,3.39242034,3.09646659,3.11255534,23027416.78,2020,0,0,1,0,0,0
12/9/2020,AVAX,3.11156672,3.3994763,2.80872399,3.2619686,28583037.39,2020,1,0,0,0,0,0
12/10/2020,AVAX,3.26158827,3.34582623,3.0708558,3.15269027,29252855.36,2020,0,0,0,0,0,0
12/11/2020,AVAX,3.15286429,3.30500766,3.01492627,3.23580639,29224480.23,2020,1,1,0,0,0,0
12/12/2020,AVAX,3.23265542,3.45185084,3.23100769,3.33423057,24630223.91,2020,1,0,0,0,0,0
12/13/2020,AVAX,3.33476766,3.41003749,3.29329124,3.33105674,20722254.57,2020,0,2,0,0,0,0
12/14/2020,AVAX,3.33036467,3.34217907,3.13635137,3.1403466,27242746.93,2020,0,1,1,0,0,0
12/15/2020,AVAX,3.14143606,3.37933562,3.06138928,3.29994825,18320577.71,2020,1,0,0,0,0,0
12/16/2020,AVAX,3.29980167,3.3737996,3.15137985,3.34416193,21054734.12,2020,1,0,0,0,0,0
12/17/2020,AVAX,3.3437269,3.37737434,3.17982172,3.20925478,10227873.82,2020,0,1,0,0,0,0
12/18/2020,AVAX,3.20961315,3.46928792,3.14192296,3.40479821,23107656.31,2020,1,1,0,0,0,0
12/19/2020,AVAX,3.40537811,3.61032174,3.38022701,3.46961336,19919598.42,2020,1,0,0,0,0,0
12/20/2020,AVAX,3.46966286,3.49537785,3.28585381,3.31146868,18750351.36,2020,0,2,0,0,0,0
12/21/2020,AVAX,3.31145577,3.35108192,3.03368315,3.09761923,25892571.08,2020,0,1,1,0,0,0
12/22/2020,AVAX,3.0941214,3.12881238,2.92483372,3.08242113,23991867.55,2020,0,0,0,0,0,0
12/23/2020,AVAX,3.08242726,3.62008376,2.79621039,2.91632255,50329367.06,2020,0,0,0,0,0,0
12/24/2020,AVAX,2.93046542,3.11195906,2.78979871,3.09872279,29820498.43,2020,1,0,0,0,0,0
12/25/2020,AVAX,3.09741341,3.12698052,2.85822943,2.95470966,26360909.17,2020,0,0,0,0,0,0
12/26/2020,AVAX,2.95511875,2.98856694,2.85338354,2.91826964,21332105.13,2020,0,1,0,0,0,0
12/27/2020,AVAX,2.91826875,3.05076698,2.8480744,2.90616148,24533711.42,2020,0,0,0,0,0,0
12/28/2020,AVAX,2.9052931,3.04674521,2.86666076,2.94743505,27088075.26,2020,1,0,0,0,0,0
12/29/2020,AVAX,2.94743676,3.00663335,2.83550604,2.92466554,25386162.2,2020,0,0,0,0,0,0
12/30/2020,AVAX,2.92529379,2.93991509,2.83332631,2.92240921,17031663.38,2020,0,1,0,0,0,0
12/31/2020,AVAX,2.92204763,3.19090256,2.7888219,3.13560929,18953615.04,2020,1,0,0,0,0,0
1/1/2021,AVAX,3.15353536,3.87353687,3.05454162,3.66482291,81260735.81,2021,1,0,0,0,0,0
1/2/2021,AVAX,3.66216375,3.9370071,3.29926303,3.49494033,50081957.51,2021,0,1,0,0,0,0
1/3/2021,AVAX,3.49429184,3.82608998,3.39684201,3.47294394,36997984.54,2021,0,1,0,0,0,0
1/4/2021,AVAX,3.47351918,3.83195978,3.25040249,3.5902431,39414734.2,2021,1,0,0,0,0,0
1/5/2021,AVAX,3.59067008,4.34322217,3.48549158,4.23741233,69735075.49,2021,1,0,0,0,0,0
1/6/2021,AVAX,4.23396922,4.97132392,4.15529829,4.62035724,77632626.85,2021,1,1,0,0,0,0
1/7/2021,AVAX,4.60581025,4.80897694,4.34703194,4.4766134,53715137.96,2021,0,1,0,0,0,0
1/8/2021,AVAX,4.47587228,5.81302912,4.05474627,5.79711037,100707263.7,2021,1,2,0,0,0,0
1/9/2021,AVAX,5.7667078,7.45908462,5.62101253,7.21853136,162227415.1,2021,1,0,1,0,0,0
1/10/2021,AVAX,7.21622872,7.50171238,6.19173153,6.58649594,96243971.86,2021,0,3,0,0,0,0
1/11/2021,AVAX,6.57978516,6.98601688,5.77550256,6.49408911,101394969.3,2021,0,1,0,0,1,0
1/12/2021,AVAX,6.48761531,8.19862061,6.45798749,7.78269988,157738756.9,2021,1,0,0,0,0,0
1/13/2021,AVAX,7.75713729,8.47856866,7.18676231,8.46681532,107370548.3,2021,1,0,0,0,0,0
1/14/2021,AVAX,8.46418862,9.52769081,8.2286025,9.26131505,154674301.2,2021,1,1,0,0,0,0
1/15/2021,AVAX,9.27042862,9.85563951,8.633324,9.38001211,123418249.2,2021,1,1,0,0,0,0
1/16/2021,AVAX,9.38683586,13.3592401,9.1694727,12.87791808,302897986.1,2021,1,2,0,0,0,0
1/17/2021,AVAX,12.86845588,14.38286823,12.4002227,13.20268392,303643624.2,2021,1,2,1,0,0,0
1/18/2021,AVAX,13.17921703,13.83418698,12.68175083,12.70157425,144213432,2021,0,3,1,0,0,0
1/19/2021,AVAX,12.7123593,13.33198797,11.62125967,11.79032094,147387064.3,2021,0,3,0,0,1,0
1/20/2021,AVAX,11.79147427,12.99858832,11.07971846,12.41156545,143245333.9,2021,1,0,0,0,1,0
1/21/2021,AVAX,12.4185504,12.99000578,11.14710993,11.31011639,166420740.8,2021,0,0,0,0,0,0
1/22/2021,AVAX,11.30127654,13.38075313,10.72032685,12.71883601,190313147.9,2021,1,1,0,0,0,0
1/23/2021,AVAX,12.70736199,13.47914117,12.56252815,12.87722578,140727865.2,2021,1,0,0,0,0,0
1/24/2021,AVAX,12.87247994,13.16489253,12.27584204,12.46391952,105137517.8,2021,0,2,0,0,0,0
1/25/2021,AVAX,12.45966234,12.92879876,12.08139786,12.2240954,89612475.16,2021,0,1,1,0,0,0
1/26/2021,AVAX,12.22285353,12.7168646,11.48373967,12.1728899,117575609.2,2021,0,0,0,0,0,0
1/27/2021,AVAX,12.17948281,12.22419022,10.83576407,11.18479693,97215394.54,2021,0,0,0,0,0,0
1/28/2021,AVAX,11.18737069,12.68406127,10.90334082,12.00026985,115201838.7,2021,1,0,0,0,0,0
1/29/2021,AVAX,12.02298346,12.60681627,11.37697367,11.62169684,146529369.4,2021,0,0,0,0,0,0
1/30/2021,AVAX,11.61605344,12.62557385,11.31263917,11.98441928,112936218.1,2021,1,1,0,0,0,0
1/31/2021,AVAX,11.99727482,15.22437572,11.85807034,13.51631794,351069269.7,2021,1,0,0,0,0,0
2/1/2021,AVAX,13.51938278,13.51938278,12.63804117,13.22777041,149280612,2021,0,2,0,0,0,0
2/2/2021,AVAX,13.23548195,13.67038254,12.80548921,13.51504517,91074992.13,2021,1,1,1,0,0,0
2/3/2021,AVAX,13.50719499,14.9048751,13.20100151,14.80504916,144515018.1,2021,1,0,0,0,0,0
2/4/2021,AVAX,14.79927119,15.81354277,13.98280893,15.36817705,180318627.9,2021,1,2,0,0,0,0
2/5/2021,AVAX,15.34853162,17.99698886,15.22049739,17.91379881,196730773.6,2021,1,1,1,0,0,0
2/6/2021,AVAX,17.90972991,18.54456137,16.03665179,17.97602062,192597459.1,2021,1,3,0,0,0,0
2/7/2021,AVAX,18.02067225,24.21027939,18.0003454,24.2071792,545865728.9,2021,1,2,0,0,1,0
2/8/2021,AVAX,24.04464237,33.3060229,23.66959704,30.27532814,894521368.6,2021,1,4,1,0,0,0
2/9/2021,AVAX,30.25590877,32.97258596,27.57258552,31.59888577,445128059.3,2021,1,3,0,0,0,0
2/10/2021,AVAX,31.59962632,59.93984015,31.59962632,55.29847928,2235807129,2021,1,5,0,0,1,0
2/11/2021,AVAX,54.93386191,56.2638772,42.22793924,47.37031942,856224805.8,2021,0,4,0,0,0,0
2/12/2021,AVAX,47.1575208,54.39250362,43.77418845,48.65618258,688788872.3,2021,1,6,0,0,0,0
2/13/2021,AVAX,48.65752282,51.91789468,43.4914936,43.78714775,380032573.1,2021,0,0,0,0,0,0
2/14/2021,AVAX,43.76674042,44.54382215,38.32867592,38.5759553,472803312.8,2021,0,7,0,0,0,0
2/15/2021,AVAX,38.54552695,43.98727253,33.83211178,38.1765026,492075708.3,2021,0,0,0,0,0,0
2/16/2021,AVAX,38.15912098,39.49046401,35.28501276,36.3360754,360245754.9,2021,0,0,0,0,0,0
2/17/2021,AVAX,36.40126094,41.2050802,34.22456934,37.0521457,417547992,2021,1,0,0,0,0,0
2/18/2021,AVAX,37.05547836,43.69624514,36.02028199,41.01509085,433522042.6,2021,1,0,0,0,0,0
2/19/2021,AVAX,41.04082725,41.21041701,38.00141242,38.75145656,319733161.7,2021,0,1,0,0,0,0
2/20/2021,AVAX,38.76970464,42.75159891,32.88934982,36.23386826,468606771.3,2021,0,1,0,0,0,0
2/21/2021,AVAX,36.10154763,37.93278263,35.15163506,36.14797379,213433308.2,2021,1,0,0,0,0,0
2/22/2021,AVAX,36.14577734,36.25886642,26.93320919,32.27905809,341397482.1,2021,0,0,0,0,0,0
2/23/2021,AVAX,32.31002799,32.31002799,23.41165894,27.56290304,358695614.5,2021,0,1,0,0,0,0
2/24/2021,AVAX,27.58315011,31.89814765,25.48559093,29.93597928,367826263.4,2021,1,0,0,0,0,0
2/25/2021,AVAX,29.9255071,32.03687807,26.73953222,26.73953222,246988832,2021,0,0,0,0,0,0
2/26/2021,AVAX,26.86048305,27.98298736,24.98932458,25.93980949,178639218.2,2021,0,1,0,0,0,0
2/27/2021,AVAX,25.96340724,27.41600506,25.25753866,25.81447232,160106642,2021,0,0,0,0,0,0
2/28/2021,AVAX,25.82120528,25.90975279,22.30106906,23.82322037,156409576.3,2021,0,0,0,0,0,0
3/1/2021,AVAX,23.87715172,27.76976673,23.6979754,27.40377184,248201636.5,2021,1,0,0,0,0,0
3/2/2021,AVAX,27.42073194,31.74214448,26.01521262,27.13515651,563934378.8,2021,0,0,0,0,0,0
3/3/2021,AVAX,27.14820307,29.23093223,26.61944606,27.27207785,305240057.6,2021,1,1,0,0,0,0
3/4/2021,AVAX,27.26654016,28.73361877,24.28047606,25.80517489,290696777.3,2021,0,0,0,0,0,0
3/5/2021,AVAX,25.78188959,25.78188959,23.62070288,24.37805434,192065807.4,2021,0,2,0,0,0,0
3/6/2021,AVAX,24.34083138,25.49648822,23.89537857,24.92347801,138082740.3,2021,1,0,1,0,0,0
3/7/2021,AVAX,24.9171414,27.86521323,24.9171414,26.65015533,300207534.2,2021,1,0,0,0,0,0
3/8/2021,AVAX,26.65593422,27.06946724,25.1743829,25.54598925,209982091.4,2021,0,1,0,0,0,0
3/9/2021,AVAX,25.54934158,34.59547129,23.74354833,34.24870088,1202374920,2021,1,1,0,0,0,0
3/10/2021,AVAX,34.24568369,35.58499978,28.91278567,29.71404755,842150960,2021,0,0,0,0,0,0
3/11/2021,AVAX,29.65120301,32.82171514,28.46723854,30.7289913,596126031.2,2021,1,2,0,0,0,0
3/12/2021,AVAX,30.78320453,31.47624697,27.06589698,27.98931524,431815755.4,2021,0,0,1,0,0,0
3/13/2021,AVAX,27.99961995,33.13913152,27.0496435,30.90908429,521074218.8,2021,1,3,0,0,0,0
3/14/2021,AVAX,30.87592264,32.17930918,29.05876877,29.05876877,312497648.7,2021,0,0,0,0,1,0
3/15/2021,AVAX,28.98705205,30.46322658,27.26105631,29.01790921,334277021.6,2021,1,4,0,0,0,0
3/16/2021,AVAX,28.95025787,33.16495151,27.7486055,33.08016301,450559778.9,2021,1,0,0,0,0,0
3/17/2021,AVAX,33.07617896,33.85872645,31.00442038,32.6458283,440750660.4,2021,0,5,0,0,0,0
3/18/2021,AVAX,32.65379096,35.61005007,31.96622736,33.30138899,439630071.9,2021,1,1,0,0,0,0
3/19/2021,AVAX,33.26352202,38.43785647,31.76274347,37.76497536,621681220.6,2021,1,0,0,0,0,0
3/20/2021,AVAX,37.5875617,39.38956331,34.34647721,34.34647721,341937806.4,2021,0,2,0,0,0,0
3/21/2021,AVAX,34.34140006,35.51162581,32.11664053,32.81172344,328942185.2,2021,0,1,1,0,0,0
3/22/2021,AVAX,32.8075734,33.54272273,28.98901237,29.36029323,310387935.5,2021,0,0,0,0,0,0
3/23/2021,AVAX,29.30770831,30.83659402,28.35192533,28.59127096,245730628.4,2021,0,0,0,0,0,0
3/24/2021,AVAX,28.55329532,30.40033519,25.09612712,26.05170187,292191840.3,2021,0,0,0,0,0,0
3/25/2021,AVAX,25.98372349,27.46345619,24.64167581,25.99776737,252605201.2,2021,1,0,0,0,0,0
3/26/2021,AVAX,25.94686134,28.87990301,25.90781184,28.23790912,232181871.5,2021,1,0,0,0,0,0
3/27/2021,AVAX,28.24203935,28.60502171,26.88374183,27.63164537,175964470.7,2021,0,1,0,0,0,0
3/28/2021,AVAX,27.61724599,29.49205677,27.24730042,28.69735424,222965831,2021,1,1,0,0,0,0
3/29/2021,AVAX,28.70986638,30.24734324,28.26435894,29.46956808,219894708.2,2021,1,0,0,0,0,0
3/30/2021,AVAX,29.47743063,30.78315648,28.94251207,29.62527615,221168523.5,2021,1,2,0,0,0,0
3/31/2021,AVAX,29.61574721,29.88647603,26.69945799,28.7289694,221774579.1,2021,0,1,1,0,0,0
4/1/2021,AVAX,28.73258023,29.29685735,27.99394986,28.41875127,172089242.1,2021,0,3,0,0,0,0
4/2/2021,AVAX,28.33231489,29.57410104,28.04338558,29.11760959,167497180.9,2021,1,0,0,0,1,0
4/3/2021,AVAX,29.08162586,32.7803394,28.19956137,28.25184756,424655897.1,2021,0,0,0,0,0,0
4/4/2021,AVAX,28.29934543,30.09362819,27.91734837,29.32971208,185849449.6,2021,1,1,0,0,0,0
4/5/2021,AVAX,29.3103353,32.98377296,28.74098567,31.24659396,447418401.9,2021,1,0,0,0,0,0
4/6/2021,AVAX,31.27870806,34.55483948,30.20060122,31.55449389,453065493.1,2021,1,2,0,0,0,0
4/7/2021,AVAX,31.52110621,32.69904018,28.7043852,29.47651125,337039411.3,2021,0,1,1,0,0,0
4/8/2021,AVAX,29.58079147,31.35803153,29.30891399,30.76403363,177272347.7,2021,1,3,0,0,0,0
4/9/2021,AVAX,30.76032603,32.42420791,30.40952718,31.53260961,289110798.1,2021,1,0,0,0,1,0
4/10/2021,AVAX,31.53627949,33.94399333,30.88016324,31.80380306,377650234.9,2021,1,4,0,0,0,0
4/11/2021,AVAX,31.80379573,32.36647946,30.93572803,31.60232242,211605191.6,2021,0,1,0,0,0,0
4/12/2021,AVAX,31.66559365,35.65488103,31.30670881,33.88396684,485683845.7,2021,1,5,0,0,0,0
4/13/2021,AVAX,33.7982148,34.81218661,31.74695823,33.67353071,380251185,2021,0,0,0,0,0,0
4/14/2021,AVAX,33.63677819,39.37591429,32.97645863,38.46286713,975987631.8,2021,1,6,0,0,0,0
4/15/2021,AVAX,38.41642716,40.80037076,36.40646656,37.14306412,578582518.4,2021,0,0,0,0,0,0
4/16/2021,AVAX,37.02238955,37.566324,33.17973224,35.63131705,441000850,2021,0,7,0,0,0,0
4/17/2021,AVAX,35.53505225,36.87983981,33.90921157,34.34145466,299361049.5,2021,0,0,0,0,0,0
4/18/2021,AVAX,34.36115928,34.69755238,23.4115609,29.25309314,586258120.3,2021,0,0,0,0,0,0
4/19/2021,AVAX,29.28713293,30.46057063,25.61040406,26.28306571,305510537.2,2021,0,0,0,0,0,0
4/20/2021,AVAX,26.13611393,28.26930918,24.01119103,27.34795342,351820081.5,2021,1,0,0,0,0,0
4/21/2021,AVAX,27.40620277,28.40342737,25.85303432,25.90350346,255465065.2,2021,0,0,0,0,0,0
4/22/2021,AVAX,25.83030526,27.73365799,22.96560954,24.03496221,293095836,2021,0,1,0,0,0,0
4/23/2021,AVAX,23.98783257,24.6738294,20.01124644,23.49842471,381922879.6,2021,0,0,0,0,0,0
4/24/2021,AVAX,23.58330349,23.8911444,21.52035492,21.77752851,177292845.1,2021,0,0,0,0,0,0
4/25/2021,AVAX,21.83055791,23.68274509,20.46040797,21.54312118,138398300.9,2021,0,0,0,0,0,0
4/26/2021,AVAX,21.6234663,26.47709821,21.40692188,26.45927753,264631789.8,2021,1,0,0,0,0,0
4/27/2021,AVAX,26.46671712,27.86209851,25.76923691,27.82036908,214406078.6,2021,1,0,0,0,0,0
4/28/2021,AVAX,27.92023603,29.03008601,25.88178122,28.32757307,240501700.7,2021,1,1,0,0,0,0
4/29/2021,AVAX,28.29535655,29.68246149,26.63796349,27.92986451,218944692.9,2021,0,1,0,0,0,0
4/30/2021,AVAX,27.93089705,32.98489012,27.52840454,32.91837377,386072187.8,2021,1,2,0,0,0,0
5/1/2021,AVAX,32.89854516,35.64030625,31.76684395,31.89084342,415039866.2,2021,0,0,1,0,0,0
5/2/2021,AVAX,31.7939996,32.65867564,30.47229482,31.30495715,241565269.9,2021,0,3,0,0,0,0
5/3/2021,AVAX,31.32492208,37.08235648,31.16550563,35.93231995,613797103.9,2021,1,0,0,0,1,0
5/4/2021,AVAX,35.8765824,36.13649537,29.98291495,30.36143228,429905095.3,2021,0,0,0,0,0,0
5/5/2021,AVAX,30.29295544,35.56074464,29.83710277,35.26311861,311207013.6,2021,1,1,0,0,0,0
5/6/2021,AVAX,35.25393264,39.2972427,34.75200259,37.98084272,615820255.8,2021,1,0,0,0,0,0
5/7/2021,AVAX,37.97057743,43.74395226,36.00628302,38.04991956,812137105.4,2021,1,2,0,0,0,0
5/8/2021,AVAX,37.90199622,39.78215236,37.27091007,38.32207285,350546181.8,2021,1,1,1,0,0,0
5/9/2021,AVAX,38.40207007,39.36095693,35.33116202,39.02163629,329199842.6,2021,1,3,0,0,0,0
5/10/2021,AVAX,38.9265006,41.77785556,30.21927135,34.70148697,528356770.4,2021,0,2,0,0,1,0
5/11/2021,AVAX,34.69052756,37.25491207,32.58077099,36.82477865,342073952.1,2021,1,4,1,0,0,0
5/12/2021,AVAX,36.75679463,41.44514982,32.01624526,32.01624526,635368557.3,2021,0,0,0,0,0,0
5/13/2021,AVAX,32.80630563,37.15969478,31.04141852,34.98024095,539807644.7,2021,1,5,0,0,0,0
5/14/2021,AVAX,35.0407707,37.9841022,33.39003746,36.9512021,343970662.8,2021,1,0,0,0,0,0
5/15/2021,AVAX,36.95224452,39.8306776,34.13846755,34.41056574,601746074.5,2021,0,6,0,0,0,0
5/16/2021,AVAX,34.42939431,39.50280403,32.6143874,36.51881212,566714442.4,2021,1,1,0,0,0,0
5/17/2021,AVAX,36.55112603,37.64341191,31.96229904,33.66225344,457823166.1,2021,0,0,0,0,0,0
5/18/2021,AVAX,33.62871311,37.67807648,33.31674825,36.82215669,369926391,2021,1,2,0,0,0,0
5/19/2021,AVAX,36.97642648,38.42449268,18.67858344,23.3838953,583118260.6,2021,0,0,1,0,0,0
5/20/2021,AVAX,23.13392097,28.16626063,20.92279883,25.19688497,356467352.3,2021,1,3,0,0,0,0
5/21/2021,AVAX,25.10417292,26.71778162,18.45418151,21.80176932,262253583,2021,0,0,0,0,1,0
5/22/2021,AVAX,21.86618563,22.17225193,18.33552129,18.85113953,159666877.4,2021,0,4,0,0,0,0
5/23/2021,AVAX,18.84721211,19.66555286,12.14700274,15.75615244,241105086.1,2021,0,0,0,0,0,0
5/24/2021,AVAX,15.62591984,20.47765852,15.12373275,19.41094653,248935735.5,2021,1,0,0,0,0,0
5/25/2021,AVAX,19.39146444,20.18870835,17.09157535,19.45080922,177064640.4,2021,1,0,0,0,0,0
5/26/2021,AVAX,19.49204829,21.44790029,19.05719663,20.90567553,183798753,2021,1,1,0,0,0,0
5/27/2021,AVAX,20.83368884,21.23142102,18.79019032,19.00033483,120995855.5,2021,0,1,0,0,0,0
5/28/2021,AVAX,19.06722418,19.59534254,16.05771866,16.73341176,124661584.6,2021,0,2,0,0,0,0
5/29/2021,AVAX,16.7302972,17.59340535,15.20478511,16.12749316,73317089.47,2021,0,0,1,0,0,0
5/30/2021,AVAX,16.1785809,17.43727444,15.17151305,16.53438644,66551414.27,2021,1,0,0,0,0,0
5/31/2021,AVAX,16.52044716,18.19442355,15.71695946,18.16131956,83671863.26,2021,1,0,0,0,0,0
6/1/2021,AVAX,18.15763943,18.55089582,17.15992882,17.77317078,80656520.58,2021,0,1,0,0,0,0
6/2/2021,AVAX,17.75000371,19.37306355,17.17500284,18.67708113,101921640.7,2021,1,1,0,0,0,0
6/3/2021,AVAX,18.69639325,20.68963495,18.28283493,20.24371446,118155005.5,2021,1,0,0,0,0,0
6/4/2021,AVAX,20.27873348,20.54256912,17.45809575,18.24740468,108497012.5,2021,0,2,0,0,0,0
6/5/2021,AVAX,18.2593125,19.14902231,16.92938283,17.25030257,92501651.61,2021,0,1,1,0,0,0
6/6/2021,AVAX,17.23608069,17.99011661,17.12763478,17.40011116,48841451.76,2021,1,0,0,0,0,0
6/7/2021,AVAX,17.39775351,18.05963782,15.37960612,15.52263999,129221032.1,2021,0,0,0,0,0,0
6/8/2021,AVAX,15.55150156,16.0418001,13.70092707,14.86893998,123776326.5,2021,0,1,0,0,0,0
6/9/2021,AVAX,14.81075222,15.75642165,13.67916365,15.38689086,107246373.9,2021,1,0,0,0,0,0
6/10/2021,AVAX,15.39199655,15.57857766,13.78287125,14.17640797,90307844.45,2021,0,0,0,0,0,0
6/11/2021,AVAX,14.20058857,14.61023209,13.16065113,13.41897897,79178329.18,2021,0,1,0,0,0,0
6/12/2021,AVAX,13.41562341,13.87998302,12.66057179,13.55193018,79705597.48,2021,1,0,0,0,0,0
6/13/2021,AVAX,13.53106381,14.98381819,13.27548358,14.77556594,97026434.67,2021,1,0,0,0,0,0
6/14/2021,AVAX,14.74950131,15.44448376,14.43777461,14.96583576,99438783.42,2021,1,1,0,0,0,0
6/15/2021,AVAX,15.07371871,15.51841862,14.62601711,15.18004276,95150888.88,2021,1,1,0,0,0,0
6/16/2021,AVAX,14.71994935,14.92015349,13.92962448,14.0676783,79021451.99,2021,0,2,0,0,0,0
6/17/2021,AVAX,14.08384322,15.47448283,14.03082163,14.83206867,100424428.2,2021,1,2,1,0,0,0
6/18/2021,AVAX,14.86489097,15.27735555,13.13953978,13.62787076,78295121.95,2021,0,0,1,0,0,0
6/19/2021,AVAX,13.63835055,14.0482902,13.23780656,13.45772903,37953810.96,2021,0,3,0,0,0,0
6/20/2021,AVAX,13.3972443,14.14351964,12.83708209,13.9709907,55939670.22,2021,1,0,0,0,1,0
6/21/2021,AVAX,13.92966758,14.06441339,11.07856242,11.21061585,86300255.75,2021,0,0,0,0,0,0
6/22/2021,AVAX,11.19222414,11.74413078,9.37487618,10.52658158,109716995.8,2021,0,1,0,0,0,0
6/23/2021,AVAX,10.55296263,11.79040171,10.18392905,11.19394664,76905668.83,2021,1,0,0,0,0,0
6/24/2021,AVAX,11.46536607,11.75449165,10.8437529,11.48295703,51808716.78,2021,1,0,0,0,0,0
6/25/2021,AVAX,11.493886,11.75228685,10.20809264,10.27067035,53164067.33,2021,0,1,0,0,0,0
6/26/2021,AVAX,10.24457385,10.59716206,9.79180838,10.27557056,42029113.61,2021,1,1,0,0,0,0
6/27/2021,AVAX,10.32953585,10.98654945,10.09862325,10.91908048,34727227.77,2021,1,0,0,0,0,0
6/28/2021,AVAX,10.94749945,11.46824016,10.72683584,11.28629579,45312867.14,2021,1,2,0,0,0,0
6/29/2021,AVAX,11.30042426,12.34982539,11.09419231,11.85142019,60893172.99,2021,1,1,1,0,0,0
6/30/2021,AVAX,11.93124987,12.08955265,11.04293822,11.95554675,52911536.43,2021,1,3,0,0,0,0
7/1/2021,AVAX,11.95030917,12.06907936,11.01350835,11.22981075,33886418.65,2021,0,2,0,0,1,0
7/2/2021,AVAX,11.22078972,11.35105752,10.58177702,11.13265416,40854419.06,2021,0,4,1,0,0,0
7/3/2021,AVAX,11.11286489,11.67278961,10.88422448,11.503907,33146235.15,2021,1,0,0,0,0,0
7/4/2021,AVAX,11.4977303,12.87262011,11.2131434,12.35010032,60403499.13,2021,1,0,0,0,0,0
7/5/2021,AVAX,12.33871097,12.4197925,11.60072744,12.02681048,64962340.36,2021,0,1,0,0,0,0
7/6/2021,AVAX,12.05024669,14.19901947,12.04526355,13.35743392,115274690.8,2021,1,1,0,0,0,0
7/7/2021,AVAX,13.35441327,14.15504032,13.05963031,13.08975328,90665563.12,2021,0,0,0,0,0,0
7/8/2021,AVAX,13.11223053,13.11223053,11.85761302,12.11966404,66426383.08,2021,0,2,0,0,0,0
7/9/2021,AVAX,12.09736949,12.86909895,11.64798189,12.54416765,63493395,2021,1,0,1,0,0,0
7/10/2021,AVAX,12.55365748,12.83905012,11.87679772,12.02573707,36867384.03,2021,0,0,0,0,0,0
7/11/2021,AVAX,12.02388714,12.48770757,11.92610359,12.41366516,31468064.37,2021,1,1,0,0,0,0
7/12/2021,AVAX,12.42788789,12.83454301,11.72298486,12.18653292,51376240.53,2021,0,0,0,0,0,0
7/13/2021,AVAX,12.16183817,12.43664908,11.77015114,11.91466872,43903713.4,2021,0,2,0,0,0,0
7/14/2021,AVAX,11.90075051,12.09323141,11.13669051,11.79209645,43795904.68,2021,0,0,1,0,0,0
7/15/2021,AVAX,11.80061152,12.09583352,11.13898285,11.34988596,34811185.07,2021,0,0,0,0,0,0
7/16/2021,AVAX,11.38936074,11.8161883,10.8437057,10.86089656,47233363.15,2021,0,0,0,0,0,0
7/17/2021,AVAX,10.81363423,11.14822414,10.73740515,10.92774577,32780916.12,2021,1,0,0,0,0,0
7/18/2021,AVAX,10.96381853,11.27632671,10.66114265,10.70465093,32792036.86,2021,0,0,0,0,0,0
7/19/2021,AVAX,10.6978585,10.76208959,10.04584488,10.16976802,32476789.19,2021,0,1,0,0,0,0
7/20/2021,AVAX,10.18024561,10.34117726,9.34063315,9.65058829,35862709.47,2021,0,0,0,0,0,0
7/21/2021,AVAX,9.64204692,10.74384749,9.48374334,10.42052476,45013149.09,2021,1,0,0,0,0,0
7/22/2021,AVAX,10.4274323,10.95733002,10.24319087,10.82858792,40893615.75,2021,1,0,0,0,0,0
7/23/2021,AVAX,10.83539962,11.16061359,10.53450849,11.09935614,35786332.15,2021,1,1,0,0,0,0
7/24/2021,AVAX,11.07375299,11.44687879,10.96057257,11.17281695,42078774.99,2021,1,1,0,0,0,0
7/25/2021,AVAX,11.15053445,11.3401997,10.76918534,11.24078659,34788469.06,2021,1,2,0,0,0,0
7/26/2021,AVAX,11.24770454,12.68621906,11.21540981,11.49217013,94326394.51,2021,1,2,1,0,0,0
7/27/2021,AVAX,11.46403636,12.27171308,11.18834863,11.91977341,52941102.13,2021,1,3,1,0,0,0
7/28/2021,AVAX,11.93221505,12.43209383,11.70220598,12.25692665,68268674.65,2021,1,3,0,0,1,0
7/29/2021,AVAX,12.3152904,12.63100335,11.98997313,12.41838341,66712426.18,2021,1,4,0,0,1,0
7/30/2021,AVAX,12.42955103,13.00236498,11.96553516,13.00236498,71146687.59,2021,1,4,0,0,0,0
7/31/2021,AVAX,12.98247397,13.60985354,12.60490449,13.59160938,67970747.77,2021,1,5,0,0,0,0
8/1/2021,AVAX,13.52872299,14.06237959,12.6525499,12.87743168,90946247.06,2021,0,5,0,0,0,0
8/2/2021,AVAX,12.86150651,13.36972995,12.64908153,13.00689143,54993391.5,2021,1,6,0,0,0,0
8/3/2021,AVAX,13.0008762,13.51085758,12.33503266,12.53329375,60826755.08,2021,0,0,0,0,0,0
8/4/2021,AVAX,12.56079508,13.76755443,12.42123878,13.67992485,66911765.31,2021,1,7,0,0,0,0
8/5/2021,AVAX,13.69686431,13.9410163,12.92304838,13.83428145,76011395.32,2021,1,0,0,0,0,0
8/6/2021,AVAX,13.83460645,14.96212064,13.41156329,14.72543082,105878541.3,2021,1,8,0,0,0,0
8/7/2021,AVAX,14.75772077,15.92166788,14.62192957,15.76119031,128714035.6,2021,1,1,0,0,0,0
8/8/2021,AVAX,15.83783392,16.09190783,14.58462662,14.81411868,78280305.2,2021,0,9,0,0,0,0
8/9/2021,AVAX,14.80956445,16.72816143,14.47416798,16.23180554,143463343.4,2021,1,2,0,0,0,0
8/10/2021,AVAX,16.18202149,17.16831631,15.80688639,16.44843775,124902141.6,2021,1,0,1,0,0,0
8/11/2021,AVAX,16.42600684,17.55472848,16.39165577,16.74867857,122723375.3,2021,1,3,0,0,0,0
8/12/2021,AVAX,16.72569169,17.53613914,15.47868738,16.56905346,112149586,2021,0,1,0,0,1,0
8/13/2021,AVAX,16.59777492,18.27935036,16.4140269,18.04875317,113858976.5,2021,1,4,0,0,0,0
8/14/2021,AVAX,18.03270117,18.40706533,17.24212825,18.06764952,101585489.6,2021,1,0,0,0,0,0
8/15/2021,AVAX,18.10793824,18.82053369,17.16544751,18.79513645,101215296.9,2021,1,5,0,0,0,0
8/16/2021,AVAX,18.77149702,21.11339341,18.49400508,19.18263064,252835090.4,2021,1,1,0,0,0,0
8/17/2021,AVAX,19.07641793,25.34667496,18.48108223,23.52999792,737983102.4,2021,1,6,0,0,0,0
8/18/2021,AVAX,23.42501362,30.88437099,21.54382969,29.89081294,1170857988,2021,1,2,0,0,0,0
8/19/2021,AVAX,30.03548293,33.70999201,28.80657475,30.6342725,1116363939,2021,1,7,1,0,0,0
8/20/2021,AVAX,30.66789426,39.18530191,29.99938572,39.18530191,962895338.1,2021,1,3,0,0,0,0
8/21/2021,AVAX,39.12644468,49.96156761,37.80461882,43.78690969,1931663488,2021,1,8,0,0,1,0
8/22/2021,AVAX,43.73388198,45.00549479,40.76093581,43.53219825,1163748675,2021,0,4,0,0,0,0
8/23/2021,AVAX,43.63062539,53.06847873,43.63062539,46.45053232,1527912599,2021,1,9,0,0,0,0
8/24/2021,AVAX,46.5177256,58.98477303,44.31471717,55.34584978,2249385587,2021,1,0,0,0,0,0
8/25/2021,AVAX,55.57276843,57.4330667,45.71041642,46.11512267,1541625994,2021,0,10,0,0,0,0
8/26/2021,AVAX,46.25825507,48.45748108,41.42075323,41.42075323,1202053529,2021,0,1,0,0,0,0
8/27/2021,AVAX,41.37185755,50.41109846,40.33214778,50.07779013,1672611618,2021,1,0,0,0,0,0
8/28/2021,AVAX,50.1355623,51.76109516,46.24362243,50.19713481,1165188185,2021,1,0,0,0,0,0
8/29/2021,AVAX,50.23713049,52.41293107,46.79543005,47.50910414,790206804.1,2021,0,1,0,0,0,0
8/30/2021,AVAX,47.4825796,48.22608283,41.14145897,41.32507615,863132838,2021,0,1,0,0,0,0
8/31/2021,AVAX,41.46167051,44.16825487,38.39210653,39.4873494,863301438.7,2021,0,0,0,0,0,0
9/1/2021,AVAX,39.54347553,45.5299553,38.62805659,41.93160178,1042268891,2021,1,0,0,0,0,0
9/2/2021,AVAX,42.47848119,47.84926187,41.29635372,47.75591625,967474676.4,2021,1,0,0,0,0,0
9/3/2021,AVAX,47.6507129,51.54990708,44.88906003,45.91118349,1292097111,2021,0,1,0,0,0,0
9/4/2021,AVAX,45.90015665,49.78833726,44.16512895,47.14316544,920757964.6,2021,1,1,0,0,0,0
9/5/2021,AVAX,47.20466115,49.38464977,45.58975198,48.17892363,870312119.5,2021,1,0,0,0,0,0
9/6/2021,AVAX,48.14677897,51.30459891,43.67187673,47.04298755,1176511096,2021,0,2,0,0,0,0
9/7/2021,AVAX,47.09261237,47.18085582,32.80122167,37.59894986,1505074715,2021,0,1,1,0,0,0
9/8/2021,AVAX,37.66260487,39.42950721,33.28400846,37.0514061,932136418.2,2021,0,0,0,0,0,0
9/9/2021,AVAX,36.5810346,44.55073651,36.15601551,40.77261472,1331437306,2021,1,0,0,0,0,0
9/10/2021,AVAX,40.73160823,49.60515884,40.48396683,49.18913609,2437929731,2021,1,0,0,0,0,0
9/11/2021,AVAX,49.48122412,58.99034853,48.35360643,57.16424416,2562681437,2021,1,1,0,0,0,0
9/12/2021,AVAX,57.09894128,64.87303287,53.83143021,59.2594301,2713467627,2021,1,1,0,0,0,0
9/13/2021,AVAX,59.30219031,60.74902522,48.05726234,53.11015201,2513345537,2021,0,2,0,0,0,0
9/14/2021,AVAX,53.20318761,57.16770513,49.25003714,51.57811774,1243073204,2021,0,2,1,0,0,0
9/15/2021,AVAX,51.50390422,58.11176119,50.36347781,57.62539326,1139814004,2021,1,0,1,0,0,0
9/16/2021,AVAX,57.89189873,67.85885035,57.29065026,67.84269649,2877776131,2021,1,0,0,0,0,0
9/17/2021,AVAX,67.67376521,70.78473216,60.91602989,69.93401363,2149572436,2021,1,1,0,0,0,0
9/18/2021,AVAX,70.07106944,75.32480094,67.24805276,69.01238607,1951788341,2021,0,1,0,0,0,0
9/19/2021,AVAX,68.86099264,76.21391104,66.54693463,70.07571899,1827002963,2021,1,2,0,0,0,0
9/20/2021,AVAX,70.09388221,70.39785382,55.91534705,56.67792868,2342075415,2021,0,0,1,0,0,0
9/21/2021,AVAX,57.32587229,66.10662276,52.86892495,59.01735779,2637731601,2021,1,3,0,0,0,0
9/22/2021,AVAX,58.98347756,74.47371455,57.9624951,74.18703558,2640281903,2021,1,0,0,0,1,0
9/23/2021,AVAX,74.08619355,79.52258801,73.02675004,76.41905786,2336551605,2021,1,4,0,0,0,0
9/24/2021,AVAX,76.45702119,78.35160529,67.14019411,72.4018999,2238592113,2021,0,1,0,0,0,0
9/25/2021,AVAX,72.38954836,72.63642571,67.69506921,68.38165808,1022340249,2021,0,5,0,0,0,0
9/26/2021,AVAX,68.35166542,71.48128761,61.8811591,66.86197072,1282520288,2021,0,0,0,0,0,0
9/27/2021,AVAX,66.88100118,72.46907373,65.46882359,66.50875715,1210911405,2021,0,0,0,0,0,0
9/28/2021,AVAX,66.37130291,69.43622592,61.25083641,61.51772112,989963987.8,2021,0,0,0,0,0,0
9/29/2021,AVAX,61.60077304,69.24354237,61.38761735,65.52000682,1366679673,2021,1,0,0,0,0,0
9/30/2021,AVAX,65.50790049,68.72106803,64.36368026,66.76588671,1122979274,2021,1,0,0,0,0,0
10/1/2021,AVAX,66.62635498,69.44020597,63.30827783,67.57039273,1441796222,2021,1,1,0,0,0,0
10/2/2021,AVAX,67.63391913,73.35771763,65.87701756,69.22048938,1391263335,2021,1,1,0,0,0,0
10/3/2021,AVAX,69.13282383,71.53996269,67.65304391,68.71703954,1003680421,2021,0,2,0,0,0,0
10/4/2021,AVAX,68.68302329,68.68302329,64.00428946,65.15984743,949626759.6,2021,0,2,1,0,0,0
10/5/2021,AVAX,65.24717501,66.71932744,62.94280282,64.65011928,813159956.6,2021,0,0,1,0,0,0
10/6/2021,AVAX,64.59977178,65.69510344,58.68257793,60.11407424,963971610.8,2021,0,0,0,0,0,0
10/7/2021,AVAX,60.02991846,62.27355684,57.56055336,61.48835377,906896093.3,2021,1,0,0,0,0,0
10/8/2021,AVAX,61.51958645,64.92047482,60.06506733,60.52022402,812757714,2021,0,0,0,0,0,0
10/9/2021,AVAX,60.39581981,61.95339426,59.8628989,60.56625567,368977448.4,2021,1,1,0,0,0,0
10/10/2021,AVAX,60.57084573,60.88399508,55.54442413,56.5935751,450502943.4,2021,0,0,0,0,0,0
10/11/2021,AVAX,56.58945134,59.19413732,53.95623187,55.30461167,590939451.3,2021,0,2,0,0,0,0
10/12/2021,AVAX,55.33838463,55.33838463,51.22761438,54.35797326,692864342.5,2021,0,0,1,0,0,0
10/13/2021,AVAX,54.35367544,57.05287502,53.33034122,55.15248935,655950094.3,2021,1,0,0,0,0,0
10/14/2021,AVAX,54.99287301,58.42786721,54.95210449,56.08110489,521698716.8,2021,1,0,0,0,0,0
10/15/2021,AVAX,56.1788601,57.09015482,54.60218993,56.25108837,559567841,2021,1,1,0,0,0,0
10/16/2021,AVAX,56.31017842,61.8398016,55.71210049,57.48309406,730039644.9,2021,1,1,0,0,0,0
10/17/2021,AVAX,57.56997466,58.53270584,53.55379032,56.07736739,388579198.4,2021,0,2,0,0,0,0
10/18/2021,AVAX,56.03767035,56.425822,54.25412353,55.47448196,301848292.6,2021,0,2,1,0,0,0
10/19/2021,AVAX,55.53133352,58.03293627,55.12912879,56.81697528,369199132.9,2021,1,0,1,0,0,0
10/20/2021,AVAX,56.80743967,61.55341151,56.72520303,59.55984106,557808884.9,2021,1,0,0,0,0,0
10/21/2021,AVAX,59.6316881,64.31205832,58.89551475,61.30981186,834466444,2021,1,1,0,0,0,0
10/22/2021,AVAX,61.44798592,68.641784,61.42253068,65.45528678,1235036359,2021,1,1,0,0,0,0
10/23/2021,AVAX,65.53246704,69.10170092,64.56714947,65.45916821,675884810.2,2021,0,2,0,0,0,0
10/24/2021,AVAX,65.43511222,67.58838425,61.9739778,64.51839122,512814088.8,2021,0,2,1,0,0,0
10/25/2021,AVAX,64.55366272,69.8246924,64.38153358,69.8246924,559909250.1,2021,1,0,1,0,0,0
10/26/2021,AVAX,69.70967393,72.8822073,67.82322278,68.87113541,913850538.8,2021,0,0,0,0,0,0
10/27/2021,AVAX,68.67195627,69.5486497,57.86124556,61.51663566,947198473.3,2021,0,1,0,0,0,0
10/28/2021,AVAX,61.52543337,64.9313102,61.52543337,64.43007361,593781414.9,2021,1,0,0,0,0,0
10/29/2021,AVAX,64.38318443,66.12730879,63.5386995,64.7724659,390478926.8,2021,1,0,0,0,0,0
10/30/2021,AVAX,64.73323501,64.77537227,61.09536222,62.41526811,340551396.9,2021,0,1,0,0,0,0
10/31/2021,AVAX,62.31325341,64.43634083,60.3410343,64.28780338,385833917,2021,1,1,0,0,0,0
11/1/2021,AVAX,64.49927079,66.68616172,62.35919058,65.07251558,553398868.8,2021,1,0,0,0,0,0
11/2/2021,AVAX,64.96826875,68.04741793,64.34379766,67.58455369,437288364.5,2021,1,2,0,0,0,0
11/3/2021,AVAX,67.7730897,75.53603023,67.15084237,75.43041694,1110753061,2021,1,1,1,0,0,0
11/4/2021,AVAX,75.57763684,80.96538677,74.12527854,79.29322391,1139576690,2021,1,3,0,0,0,0
11/5/2021,AVAX,79.04759636,81.07435161,72.45814944,74.36473776,593374945.5,2021,0,2,0,0,1,0
11/6/2021,AVAX,74.2966569,78.68520513,72.51919487,78.68520513,487295739.3,2021,1,4,1,0,0,0
11/7/2021,AVAX,78.80591234,88.83885773,78.13878524,87.70542389,1321363546,2021,1,0,0,0,0,0
11/8/2021,AVAX,87.70599568,96.91317561,83.72738324,91.18478449,1954611681,2021,1,5,0,0,0,0
11/9/2021,AVAX,91.07372231,91.53674678,87.08096816,88.45486764,780284086.6,2021,0,1,0,0,0,0
11/10/2021,AVAX,88.30364959,94.02408783,78.64884127,85.29527344,1297653103,2021,0,6,0,0,0,0
11/11/2021,AVAX,85.38166771,89.53855415,83.84048045,88.06133283,661012572.9,2021,1,0,0,0,0,0
11/12/2021,AVAX,87.8752588,89.97445421,81.31847858,84.7249133,676532795.9,2021,0,0,0,0,0,0
11/13/2021,AVAX,84.7967942,98.44142749,84.7967942,97.26046832,1144798693,2021,1,1,0,0,0,0
11/14/2021,AVAX,97.55558142,99.88335019,91.81028314,95.40353811,1142384672,2021,0,0,0,0,0,0
11/15/2021,AVAX,95.42015352,101.5860499,92.25428506,93.55023364,1202984508,2021,0,2,0,0,0,0
11/16/2021,AVAX,94.03178374,101.8624677,84.00017835,97.97556754,1843490926,2021,1,0,1,0,0,0
11/17/2021,AVAX,98.02624553,110.0319758,94.1225192,107.8020789,2393292480,2021,1,0,0,0,0,0
11/18/2021,AVAX,107.584998,110.3087607,92.36471961,100.2527664,1920193319,2021,0,1,0,0,0,0
11/19/2021,AVAX,100.4576706,112.1119089,96.07148852,112.0235603,1562347126,2021,1,1,0,0,0,0
11/20/2021,AVAX,112.0843133,129.9334808,111.91292,125.7706278,2291581571,2021,1,0,0,0,0,0
11/21/2021,AVAX,125.8298236,146.217864,123.5483621,128.5998192,3379295976,2021,1,2,0,0,0,0
11/22/2021,AVAX,128.7825807,144.8818894,126.1926105,134.5310303,3211306704,2021,1,1,1,0,0,0
11/23/2021,AVAX,134.8655526,136.5381497,122.1111097,123.8310484,1959122592,2021,0,3,0,0,0,0
11/24/2021,AVAX,123.8786272,124.5096382,113.0004591,120.2281893,1902624284,2021,0,2,0,0,1,0
11/25/2021,AVAX,115.0868458,130.0427133,114.3522393,122.6485276,2233964558,2021,1,0,1,0,0,0
11/26/2021,AVAX,119.1642432,119.8281803,102.0291501,103.8295831,1712875693,2021,0,0,0,0,0,0
11/27/2021,AVAX,104.3020745,118.0799098,103.3389007,113.2766527,1211028703,2021,1,1,0,0,0,0
11/28/2021,AVAX,113.753867,114.0046195,101.4411221,110.5890172,1422129303,2021,0,0,0,0,0,0
11/29/2021,AVAX,110.495131,120.258301,109.4160384,120.258301,1227497076,2021,1,2,0,0,0,0
11/30/2021,AVAX,120.4422138,124.5553111,114.4890758,120.3436962,1734884533,2021,0,0,1,0,0,0
12/1/2021,AVAX,120.2483145,127.3300149,117.5040765,119.7508481,1437422167,2021,0,3,0,0,0,0
12/2/2021,AVAX,119.6812684,119.7071365,107.2265378,107.8665459,1117942461,2021,0,0,0,0,1,0
12/3/2021,AVAX,107.8682965,113.1733689,100.8021113,108.1378495,1379333420,2021,1,0,0,0,0,0
12/4/2021,AVAX,108.7353473,108.76348,77.02176412,92.88023049,2100725079,2021,0,0,0,0,0,0
12/5/2021,AVAX,93.01938504,95.31195229,82.75007566,85.79002033,1220952521,2021,0,1,0,0,0,0
12/6/2021,AVAX,86.47802285,94.8996631,77.1900519,93.31930044,1786165231,2021,1,0,0,0,0,0
12/7/2021,AVAX,93.34741702,96.6776261,88.14964841,89.9521795,1066934424,2021,0,0,0,0,0,0
12/8/2021,AVAX,89.68969971,93.2425155,86.77504522,93.22105696,736763695.3,2021,1,1,0,0,0,0
12/9/2021,AVAX,93.03430323,94.49478055,83.38975778,85.46176577,918578962.8,2021,0,0,0,0,0,0
12/10/2021,AVAX,85.55988845,91.73805888,80.71823386,80.73967843,1031654019,2021,0,2,0,0,0,0
12/11/2021,AVAX,80.7877012,86.99547245,79.29241941,86.3928156,807032060.8,2021,1,0,1,0,0,0
12/12/2021,AVAX,86.42890717,88.90353885,83.03515362,88.10911793,595911581.4,2021,1,0,0,0,0,0
12/13/2021,AVAX,88.10355921,90.01011378,75.78592963,79.14962581,1146609022,2021,0,1,0,0,0,0
12/14/2021,AVAX,79.05278056,87.49442548,76.62258688,87.3119066,1039726774,2021,1,1,0,0,0,0
12/15/2021,AVAX,87.27359328,105.2696101,86.30692377,101.1814519,2397339948,2021,1,0,0,0,0,0
12/16/2021,AVAX,101.2095986,109.7700498,98.10495801,98.40188438,1843664083,2021,0,2,0,0,0,0
12/17/2021,AVAX,98.18189574,115.9092304,98.18189574,111.0087673,2509017517,2021,1,1,1,0,0,0
12/18/2021,AVAX,111.0104824,117.3739319,105.6343278,116.0168653,1589986609,2021,1,0,0,0,0,0
12/19/2021,AVAX,115.8514757,116.6953132,106.9442223,107.6737819,1025197695,2021,0,2,0,0,0,0
12/20/2021,AVAX,107.6803525,115.9237934,101.0568249,113.4085185,2014776080,2021,1,1,1,0,0,0
12/21/2021,AVAX,113.4013413,124.0182027,110.932786,123.3329445,1732104245,2021,1,0,0,0,0,0
12/22/2021,AVAX,123.3773669,127.4216651,116.0696904,116.4773529,1353772414,2021,0,2,0,0,0,0
12/23/2021,AVAX,116.7321334,124.9814165,116.4727389,121.2099722,1261376043,2021,1,1,1,0,0,0
12/24/2021,AVAX,121.4002293,124.612067,113.6643871,114.9764571,1136972581,2021,0,0,0,0,0,0
12/25/2021,AVAX,115.0610668,117.1722986,112.5662121,115.0319297,878551694.5,2021,0,2,0,0,0,0
12/26/2021,AVAX,115.0064029,117.9343568,109.5731849,115.2148256,963393171.7,2021,1,0,1,0,0,0
12/27/2021,AVAX,115.1115148,120.8433511,113.3990541,113.5986208,942094549.6,2021,0,0,0,0,0,0
12/28/2021,AVAX,113.7595279,116.611527,104.7020888,107.215613,1435837733,2021,0,1,0,0,0,0
12/29/2021,AVAX,107.1245219,110.5587134,102.6953263,102.9981252,1091704197,2021,0,0,0,0,0,0
12/30/2021,AVAX,103.0971781,105.3614612,98.32600184,101.9282739,1015886046,2021,0,0,0,0,0,0
12/31/2021,AVAX,101.8495282,111.5014684,100.3610104,109.2704872,1323734905,2021,1,0,0,0,0,0
1/1/2022,AVAX,109.3815684,114.2238652,108.7271215,114.1580099,784319683.2,2022,1,0,0,0,0,0
1/2/2022,AVAX,114.2047018,117.3150953,112.2138793,113.1863358,777052324.5,2022,0,1,0,0,0,0
1/3/2022,AVAX,113.1734123,113.9012694,106.457052,108.1452118,894675872.9,2022,0,1,0,0,0,0
1/4/2022,AVAX,108.147064,109.1161154,103.2392407,103.2392407,918513472.3,2022,0,0,0,0,0,0
1/5/2022,AVAX,103.2606804,106.4691112,91.37685618,97.85257909,1168896098,2022,0,0,0,0,0,0
1/6/2022,AVAX,97.8315116,97.8315116,91.26378912,95.19853726,909261500.1,2022,0,0,0,0,0,0
1/7/2022,AVAX,95.17871218,95.29039091,85.43051094,86.76771286,1163318424,2022,0,0,0,0,0,0
1/8/2022,AVAX,86.75174593,89.43283705,79.60858707,84.05684232,1021954391,2022,0,0,0,0,0,0
1/9/2022,AVAX,84.0485151,91.79699182,82.92853029,89.20655525,900030317.7,2022,1,0,0,0,0,0
1/10/2022,AVAX,89.25710644,90.84400636,80.86058689,84.53261492,1138103402,2022,0,0,0,0,0,0
1/11/2022,AVAX,84.52546078,90.85680663,83.4709914,89.50181456,719261554.1,2022,1,1,0,0,0,0
1/12/2022,AVAX,89.52240386,96.76172715,88.98726316,95.82351239,962440338.8,2022,1,0,0,0,0,0
1/13/2022,AVAX,95.82351239,97.10579706,89.40788314,89.40788314,756890649.4,2022,0,2,0,0,0,0
1/14/2022,AVAX,89.47910636,91.6326294,87.66128218,90.34053346,640737087.9,2022,1,1,1,0,0,0
1/15/2022,AVAX,90.35389753,94.32180731,89.82750826,93.31581794,514349943.1,2022,1,0,0,0,0,0
1/16/2022,AVAX,93.30461388,94.83049979,92.00743265,92.23979785,498172514.5,2022,0,2,0,0,0,0
1/17/2022,AVAX,92.25555335,92.41230221,85.69480691,86.75066115,613946950.5,2022,0,1,1,0,0,0
1/18/2022,AVAX,86.75413042,87.32591665,83.92217802,86.0134096,519434644.1,2022,0,0,0,0,0,0
1/19/2022,AVAX,86.02388728,86.35029614,81.42071325,82.9033068,538783322.1,2022,0,0,0,0,0,0
1/20/2022,AVAX,82.896181,87.6420869,79.06845661,79.06845661,301646934.5,2022,0,0,0,0,0,0
1/21/2022,AVAX,79.13545203,80.30150779,64.55645043,65.92255767,1061162871,2022,0,0,0,0,0,0
1/22/2022,AVAX,65.96821231,67.46713291,53.93933454,59.72905104,1333878308,2022,0,0,0,0,0,0
1/23/2022,AVAX,59.79318294,66.70399873,59.43529559,64.72541073,897015182.9,2022,1,0,0,0,0,0
1/24/2022,AVAX,64.75294628,64.80488862,55.57115332,62.8776336,1159701823,2022,0,0,0,0,0,0
1/25/2022,AVAX,62.89733977,70.34447702,61.89265253,67.90058685,994124979.5,2022,1,1,0,0,0,0
1/26/2022,AVAX,67.8939869,72.9193311,64.65973173,65.99579165,1166402419,2022,0,0,0,0,0,0
1/27/2022,AVAX,65.96631367,67.78236712,61.33854205,64.69680596,798856522.9,2022,0,2,0,0,0,0
1/28/2022,AVAX,64.63535736,67.32410362,61.94146576,67.12731265,664566075.4,2022,1,0,1,0,0,0
1/29/2022,AVAX,67.11838923,73.44132676,67.00891327,72.12027633,697610538.8,2022,1,0,0,0,0,0
1/30/2022,AVAX,72.10572305,72.23008581,67.01190872,67.97378382,534098085.6,2022,0,1,0,0,0,0
1/31/2022,AVAX,67.98217434,70.55559061,64.40384328,69.99242101,700410197.6,2022,1,1,0,0,0,0
2/1/2022,AVAX,69.98311495,73.74280589,68.84741839,73.44881619,843353375.2,2022,1,0,0,0,0,0
2/2/2022,AVAX,73.43240459,74.50801852,67.7528829,67.87997104,875718763.6,2022,0,2,0,0,0,0
2/3/2022,AVAX,67.86044382,68.85529907,65.34597041,68.10772231,695260121.3,2022,1,1,1,0,0,0
2/4/2022,AVAX,68.10843119,77.49948891,67.62189969,77.31163776,965938410.8,2022,1,0,0,0,0,0
2/5/2022,AVAX,77.46501131,80.75987309,75.3490749,77.24948721,797735218.4,2022,0,2,0,0,0,0
2/6/2022,AVAX,77.24199323,78.92949103,74.62029781,78.75726325,506746737.8,2022,1,1,1,0,0,0
2/7/2022,AVAX,78.79586795,85.17305683,77.64534439,83.1670013,912462594,2022,1,0,0,0,0,0
2/8/2022,AVAX,83.21994227,92.37202685,82.05577679,86.62420167,2252177846,2022,1,2,0,0,0,0
2/9/2022,AVAX,86.54501115,91.92846207,84.78197522,90.02086949,1053167954,2022,1,1,1,0,0,0
2/10/2022,AVAX,90.02754054,94.98810075,85.3673006,91.13622049,1616543856,2022,1,3,0,0,0,0
2/11/2022,AVAX,91.16791886,92.49352185,80.30864231,81.73299219,1323311027,2022,0,2,0,0,1,0
2/12/2022,AVAX,81.75880741,84.71503778,79.08057281,81.2456767,1123397419,2022,0,4,1,0,0,0
2/13/2022,AVAX,81.21289997,83.24366724,77.75852355,78.24311778,676959727.7,2022,0,0,0,0,0,0
2/14/2022,AVAX,78.19771876,82.52238341,76.42423803,82.01966535,865000799.1,2022,1,0,0,0,0,0
2/15/2022,AVAX,82.03217099,93.43015347,81.59640682,92.67249957,1272958909,2022,1,0,0,0,0,0
2/16/2022,AVAX,92.75029753,97.04877612,91.83030003,95.34611174,1729554621,2022,1,1,0,0,0,0
2/17/2022,AVAX,95.24654464,98.57368298,86.66362167,88.12377264,1798309218,2022,0,1,0,0,0,0
2/18/2022,AVAX,88.22450247,89.93944828,82.84975595,83.8369769,1283023478,2022,0,2,0,0,0,0
2/19/2022,AVAX,83.82333958,86.30641221,81.18479614,85.09932068,850252533.5,2022,1,0,1,0,0,0
2/20/2022,AVAX,85.10826525,85.54019548,76.74273783,77.33678763,984477195,2022,0,0,0,0,0,0
2/21/2022,AVAX,77.3010715,82.57675202,69.78959307,69.98892824,1626858109,2022,0,1,0,0,0,0
2/22/2022,AVAX,69.99714984,74.75762966,67.46479947,74.57435634,1344001591,2022,1,0,0,0,0,0
2/23/2022,AVAX,74.54202929,81.83544484,73.6986349,73.6986349,1699396767,2022,0,0,0,0,0,0
2/24/2022,AVAX,73.66973167,79.31600821,64.83141332,76.52396395,3097306165,2022,1,1,0,0,0,0
2/25/2022,AVAX,76.53705496,81.85987113,72.94703496,80.83261973,1884195969,2022,1,0,0,0,0,0
2/26/2022,AVAX,80.84786186,84.87239773,78.50370812,81.87970368,1419135253,2022,1,2,0,0,0,0
2/27/2022,AVAX,81.79342571,82.26481919,73.75102457,74.99118499,1577126485,2022,0,1,1,0,0,0
2/28/2022,AVAX,74.97753656,85.39443053,72.12708978,84.33923316,1906636314,2022,1,3,0,0,0,0
3/1/2022,AVAX,84.34726917,90.67776218,83.96913964,86.73592752,2279596412,2022,1,0,0,0,1,0
3/2/2022,AVAX,86.74608106,89.70204846,82.61300521,83.29166696,1610175795,2022,0,4,0,0,0,0
3/3/2022,AVAX,83.30426922,84.25336551,77.35932537,78.55764525,1534290692,2022,0,1,0,0,0,0
3/4/2022,AVAX,78.61939299,82.02668173,75.15409513,75.65424589,1871411668,2022,0,0,0,0,0,0
3/5/2022,AVAX,75.6932066,78.55117864,73.6489401,76.72742426,993285549.8,2022,1,0,0,0,0,0
3/6/2022,AVAX,76.73682435,76.99643059,72.52902187,72.52902187,913541518.6,2022,0,0,0,0,0,0
3/7/2022,AVAX,72.52704701,76.42013054,70.72230308,71.88053617,1144242245,2022,0,1,0,0,0,0
3/8/2022,AVAX,71.86892203,76.38350193,71.50283664,72.91835859,1344906811,2022,1,0,0,0,0,0
3/9/2022,AVAX,72.94807534,80.16047096,72.57721616,77.71604599,1650128263,2022,1,0,0,0,0,0
3/10/2022,AVAX,77.67363097,78.89118166,71.9798445,74.00409445,1200529915,2022,0,1,0,0,0,0
3/11/2022,AVAX,74.00333474,76.78015813,70.99771132,71.23547731,1603071548,2022,0,1,0,0,0,0
3/12/2022,AVAX,71.23540735,73.51169865,70.99976599,71.00219698,635273265,2022,0,0,0,0,0,0
3/13/2022,AVAX,70.98422944,71.92495353,67.58920093,68.07599478,660710559.8,2022,0,0,0,0,0,0
3/14/2022,AVAX,68.07355273,71.40817801,65.81455868,68.89183718,1321137130,2022,1,0,0,0,0,0
3/15/2022,AVAX,68.96440602,72.09981668,66.21989992,69.88738229,1034368302,2022,1,0,0,0,0,0
3/16/2022,AVAX,69.87517741,74.55247978,68.17473523,74.18374815,1185387027,2022,1,1,0,0,0,0
3/17/2022,AVAX,74.16508671,81.48091208,73.29825226,79.53851308,1764529990,2022,1,1,0,0,0,0
3/18/2022,AVAX,79.54117195,86.72459127,76.74211012,85.7623786,1877327168,2022,1,2,0,0,0,0
3/19/2022,AVAX,85.74703681,92.08910689,85.7104583,89.69412104,1841027125,2022,1,2,1,0,0,0
3/20/2022,AVAX,89.67147935,89.90343704,84.63639839,84.7243037,1451610365,2022,0,3,1,0,0,0
3/21/2022,AVAX,84.7083283,92.30826874,83.44413056,86.44969657,2083892142,2022,1,3,0,0,1,0
3/22/2022,AVAX,86.4181753,89.70366116,83.87718567,83.98144826,1746085611,2022,0,0,0,0,1,0
3/23/2022,AVAX,83.99829048,86.8918781,82.52220232,86.25101252,1478084261,2022,1,4,0,0,0,0
3/24/2022,AVAX,86.23018626,88.10556329,83.86492791,87.55538582,1626542540,2022,1,0,0,0,0,0
3/25/2022,AVAX,87.54855941,87.62972518,82.80825231,83.66136926,1128008708,2022,0,5,0,0,0,0
3/26/2022,AVAX,83.67063163,86.6893077,82.61127373,85.95565285,666311785,2022,1,1,0,0,0,0
3/27/2022,AVAX,85.95684749,89.82484811,84.56608471,89.82484811,759068099.9,2022,1,0,0,0,0,0
3/28/2022,AVAX,89.84290631,96.07585003,88.66339322,89.60455128,1758254790,2022,0,2,0,0,0,0
3/29/2022,AVAX,89.52398716,95.87626847,89.51457463,92.84089235,1642341694,2022,1,1,1,0,0,0
3/30/2022,AVAX,92.81395467,100.0788881,90.0029537,95.77998356,1755845999,2022,1,0,0,0,0,0
3/31/2022,AVAX,95.69274985,101.6853783,94.26110478,96.92466338,2201715680,2022,1,2,0,0,0,0
4/1/2022,AVAX,97.12114592,99.65304404,90.77759956,96.69318137,1744656244,2022,0,1,1,0,0,0
4/2/2022,AVAX,96.72045135,103.5254538,95.93728944,95.97326399,1575851403,2022,0,3,0,0,0,0
4/3/2022,AVAX,95.99992372,100.0191372,94.85418897,98.07777945,1288604372,2022,1,0,0,0,1,0
4/4/2022,AVAX,98.05685224,98.05685224,91.2262515,95.5202158,1197451977,2022,0,0,0,0,0,0
4/5/2022,AVAX,95.60272521,97.57859467,90.96595399,91.02109344,1070364448,2022,0,1,0,0,0,0
4/6/2022,AVAX,91.02946673,91.05126929,82.89397582,82.95590784,1473087038,2022,0,0,0,0,0,0
4/7/2022,AVAX,82.98176986,88.46659282,81.84669474,87.91970915,1374726630,2022,1,0,0,0,0,0
4/8/2022,AVAX,87.91750956,90.25079524,82.90959322,83.76922914,1367418313,2022,0,0,0,0,0,0
4/9/2022,AVAX,83.75732492,85.4719503,82.50260091,84.59462665,620536895.2,2022,1,1,0,0,0,0
4/10/2022,AVAX,84.59681608,85.60157039,81.8164709,81.8164709,488065132.3,2022,0,0,0,0,0,0
4/11/2022,AVAX,81.72069546,81.72069546,72.96929123,74.17261236,1152269023,2022,0,2,0,0,0,0
4/12/2022,AVAX,74.20097931,79.34766905,74.11964876,76.3600622,889066928.8,2022,1,0,1,0,0,0
4/13/2022,AVAX,76.34927958,80.61235606,76.06209622,80.0019794,734210622.9,2022,1,0,0,0,0,0
4/14/2022,AVAX,80.02734517,81.74100335,76.45447953,76.81785666,711767575.1,2022,0,1,0,0,0,0
4/15/2022,AVAX,76.82519252,78.46714519,75.05558661,77.43753904,501963225.7,2022,1,1,0,0,0,0
4/16/2022,AVAX,77.43281147,78.19555913,76.6486269,77.89026562,290431497.1,2022,1,0,0,0,0,0
4/17/2022,AVAX,77.8626522,78.6575845,75.26419224,75.70925635,322395973,2022,0,2,0,0,0,0
4/18/2022,AVAX,75.7014775,77.88796675,72.08774617,77.79367926,681155455.4,2022,1,1,1,0,0,0
4/19/2022,AVAX,77.79027581,80.95672748,76.90034073,80.28591831,591702354.7,2022,1,0,0,0,0,0
4/20/2022,AVAX,80.29051656,81.23233408,77.62374712,78.27433137,622981657.4,2022,0,2,0,0,0,0
4/21/2022,AVAX,78.26864608,80.00830033,74.41225838,75.08074239,569385150.4,2022,0,1,1,0,0,0
4/22/2022,AVAX,75.08464832,77.15241962,73.49015996,74.12296304,532238762,2022,0,0,0,0,0,0
4/23/2022,AVAX,74.12748202,74.3692943,72.63258681,72.9200103,360787956.5,2022,0,0,0,0,0,0
4/24/2022,AVAX,72.89273138,73.43700323,71.34202605,71.60303395,320340265.9,2022,0,0,0,0,0,0
4/25/2022,AVAX,71.60656681,72.90454691,67.56388843,72.86742218,735322462.4,2022,1,0,0,0,0,0
4/26/2022,AVAX,72.8640317,73.08719619,67.68937671,68.67206067,561575109.1,2022,0,0,0,0,0,0
4/27/2022,AVAX,68.69337258,71.88910497,68.51128172,69.85772775,475421021.9,2022,1,1,0,0,0,0
4/28/2022,AVAX,69.86377492,70.64324954,66.79224004,67.31945447,551311115,2022,0,0,0,0,0,0
4/29/2022,AVAX,67.30863178,67.91125561,62.53422071,63.41709721,536189400,2022,0,2,0,0,0,0
4/30/2022,AVAX,63.39877059,64.61852147,55.68736828,57.04800258,643198521.1,2022,0,0,1,0,0,0
5/1/2022,AVAX,57.03439232,60.99913388,56.97372706,58.85614687,748385991.7,2022,1,0,0,0,0,0
5/2/2022,AVAX,58.85282758,62.27577316,56.94355764,60.51710654,893459385.5,2022,1,0,0,0,0,0
5/3/2022,AVAX,60.47360208,62.21135166,58.30585721,59.66010811,592389537.7,2022,0,1,0,0,0,0
5/4/2022,AVAX,59.65834215,67.2820692,59.49816313,67.08610946,875723682,2022,1,1,0,0,0,0
5/5/2022,AVAX,67.0761581,69.34901588,57.02445337,59.12743969,1259826490,2022,0,0,0,0,0,0
5/6/2022,AVAX,59.12110844,59.30681214,55.41249461,57.03432357,887280182.6,2022,0,2,0,0,0,0
5/7/2022,AVAX,57.03545452,57.43919787,53.62570658,55.15669376,555118324.6,2022,0,0,1,0,0,0
5/8/2022,AVAX,55.14580281,55.27539739,50.9353476,51.52122374,837890770,2022,0,0,0,0,0,0
5/9/2022,AVAX,51.52404281,52.92416308,41.97204215,41.97204215,1228351362,2022,0,0,0,0,0,0
5/10/2022,AVAX,41.88167163,50.08891357,40.38319737,44.56028261,1624448832,2022,1,0,0,0,0,0
5/11/2022,AVAX,44.52187129,46.03785603,27.84941926,30.96286555,2428550936,2022,0,0,0,0,0,0
5/12/2022,AVAX,30.97731313,33.67613633,23.5493906,30.3575363,1839518407,2022,0,1,0,0,0,0
5/13/2022,AVAX,30.33861515,37.71527849,29.76949144,32.13642996,1219234571,2022,1,0,0,0,0,0
5/14/2022,AVAX,32.1361292,34.12643592,29.50211762,34.08252932,754019977.6,2022,1,0,0,0,0,0
5/15/2022,AVAX,34.06731771,36.79307299,32.02141605,36.54233374,745037121.4,2022,1,1,0,0,0,0
5/16/2022,AVAX,36.5437394,36.5437394,31.74751447,32.57199774,867980587.9,2022,0,1,0,0,0,0
5/17/2022,AVAX,32.56470709,35.69228333,32.38758823,34.39645958,676043628.4,2022,1,2,0,0,0,0
5/18/2022,AVAX,34.40665075,35.01248633,29.60548261,29.60548261,641522267.1,2022,0,0,1,0,0,0
5/19/2022,AVAX,29.60389131,31.65234792,27.72443115,30.37901476,845803419.6,2022,1,3,0,0,0,0
5/20/2022,AVAX,30.37294173,31.78260707,27.95755255,28.95366005,901703534.9,2022,0,0,0,0,1,0
5/21/2022,AVAX,28.94592397,30.4614173,28.45164954,29.86665101,485604462.2,2022,1,4,0,0,0,0
5/22/2022,AVAX,29.86557029,32.37946629,29.15562928,31.80736121,686538817.3,2022,1,0,0,0,0,0
5/23/2022,AVAX,31.80096906,32.82690982,28.82245336,29.02623077,797628131.3,2022,0,5,0,0,0,0
5/24/2022,AVAX,29.031141,29.5707038,27.14426099,29.02564811,690433536.5,2022,0,1,0,0,0,0
5/25/2022,AVAX,29.02675972,29.54509603,27.22006376,27.22537716,588423056.3,2022,0,0,0,0,0,0
5/26/2022,AVAX,27.23108752,27.90839754,23.16572016,23.55002911,1007507776,2022,0,0,0,0,0,0
5/27/2022,AVAX,23.52678975,23.69460852,21.47231684,22.41862289,964035110.7,2022,0,0,0,0,0,0
5/28/2022,AVAX,23.052554,25.58057041,22.2497599,24.83976579,708263415.3,2022,1,0,0,0,0,0
5/29/2022,AVAX,24.82833093,26.89952386,23.86487418,26.12006968,700836371.5,2022,1,0,0,0,0,0
5/30/2022,AVAX,26.11573069,28.28638729,25.40209161,27.63214993,962074891.2,2022,1,1,0,0,0,0
5/31/2022,AVAX,27.63205666,29.00533288,25.68650725,26.38993235,968753830.9,2022,0,1,0,0,0,0
6/1/2022,AVAX,26.39844957,26.94106861,23.46323974,23.80051348,708368730.2,2022,0,2,0,0,0,0
6/2/2022,AVAX,23.79108838,24.83126967,22.7703401,24.67728535,616496656,2022,1,0,1,0,0,0
6/3/2022,AVAX,24.67619861,24.67619861,22.62563848,23.00544127,463049567.1,2022,0,0,0,0,0,0
6/4/2022,AVAX,23.01201113,24.53239547,22.25055797,24.53232906,376343138.2,2022,1,1,0,0,0,0
6/5/2022,AVAX,24.53794389,25.0933207,23.99199318,24.16418168,406213320.7,2022,0,0,0,0,0,0
6/6/2022,AVAX,24.17816784,27.65861231,24.10160088,25.98859298,829054124.7,2022,1,2,0,0,0,0
6/7/2022,AVAX,25.99799605,26.14834297,23.24344949,24.63542924,923434174,2022,0,0,1,0,0,0
6/8/2022,AVAX,24.63899188,25.35579975,23.80129668,24.50025321,502590525.7,2022,0,3,0,0,0,0
6/9/2022,AVAX,24.50205168,25.29085439,23.78264294,24.41065956,649339432,2022,0,0,0,0,1,0
6/10/2022,AVAX,24.40844286,24.81006044,22.0760697,22.0760697,523963515.9,2022,0,0,0,0,0,0
6/11/2022,AVAX,22.07329902,22.94562357,19.79216748,19.79896723,527494612.6,2022,0,0,0,0,0,0
6/12/2022,AVAX,19.81135309,20.1104194,17.38744193,17.38744193,749203981.4,2022,0,0,0,0,0,0
6/13/2022,AVAX,17.36842222,17.38861946,14.68519883,16.01993452,1277521632,2022,0,0,0,0,0,0
6/14/2022,AVAX,16.03441539,17.17505117,14.75267949,16.54035238,919054943.3,2022,1,0,0,0,0,0
6/15/2022,AVAX,16.55458954,18.40482005,14.64270798,18.21199708,1022663545,2022,1,0,0,0,0,0
6/16/2022,AVAX,18.22503183,18.63159223,15.55866781,15.73227632,619516632,2022,0,1,0,0,0,0
6/17/2022,AVAX,15.74018388,16.61509041,15.55529542,16.0094474,400140808.5,2022,1,1,0,0,0,0
6/18/2022,AVAX,16.00495782,16.2705925,13.85087589,14.8410967,500837077.7,2022,0,0,0,0,0,0
6/19/2022,AVAX,14.83659741,16.30507903,13.79151858,16.18973791,510905366.9,2022,1,2,0,0,0,0
6/20/2022,AVAX,16.18747228,17.81563692,15.39444387,17.13786665,561797222.4,2022,1,0,1,0,0,0
6/21/2022,AVAX,17.1384167,18.41913187,16.68135651,16.85599774,496486131.9,2022,0,3,0,0,0,0
6/22/2022,AVAX,16.87865048,17.33415383,16.03999201,16.07598762,417581511.3,2022,0,1,0,0,1,0
6/23/2022,AVAX,16.07476894,18.34192816,16.07476894,18.29005043,482575280.5,2022,1,0,0,0,0,0
6/24/2022,AVAX,18.2896462,20.89461491,18.0498839,20.54885519,671893665.8,2022,1,0,0,0,0,0
6/25/2022,AVAX,20.53138594,21.47190521,19.92959521,21.36635785,476329357.7,2022,1,1,0,0,0,0
6/26/2022,AVAX,21.36043301,21.75438844,19.68642908,19.69243333,413767907.6,2022,0,1,0,0,0,0
6/27/2022,AVAX,19.69881906,21.30710404,19.23042136,19.31756527,433026594.5,2022,0,2,0,0,0,0
6/28/2022,AVAX,19.30902472,20.47872732,18.05853375,18.12098275,490803289.6,2022,0,0,1,0,0,0
6/29/2022,AVAX,18.12001929,18.6276711,17.2748755,17.59801734,445376602.8,2022,0,0,0,0,0,0
6/30/2022,AVAX,17.64653791,17.75791538,15.86585704,16.92936685,453151312,2022,0,0,0,0,0,0
7/1/2022,AVAX,16.95409405,17.58933791,15.85120841,16.08592052,490786364.4,2022,0,0,0,0,0,0
7/2/2022,AVAX,16.09469132,16.57769986,16.0038457,16.33613531,224974288.7,2022,1,0,0,0,0,0
7/3/2022,AVAX,16.33606032,16.75483782,15.86822242,16.66040249,242175995.2,2022,1,0,0,0,0,0
7/4/2022,AVAX,16.65909597,17.99747744,16.34263673,17.93996581,430020105.1,2022,1,1,0,0,0,0
7/5/2022,AVAX,17.93131135,18.52144435,16.73354599,18.06473019,552533387.7,2022,1,1,0,0,0,0
7/6/2022,AVAX,18.07046169,19.31454725,17.86647504,19.14726738,618966978.3,2022,1,2,0,0,0,0
7/7/2022,AVAX,19.1486332,20.51265571,18.9080962,20.23383856,607400823.2,2022,1,2,1,0,0,0
7/8/2022,AVAX,20.22974494,20.9547349,19.47676345,19.79790584,593859101.5,2022,0,3,1,0,0,0
7/9/2022,AVAX,19.79323562,20.21028782,19.61893802,19.91847798,299142386.2,2022,1,3,0,0,1,0
7/10/2022,AVAX,19.9187612,19.95090562,18.80195415,19.15205284,323970528.9,2022,0,0,0,0,1,0
7/11/2022,AVAX,19.14837312,19.14899514,17.37407625,17.37458269,338348658.2,2022,0,4,0,0,0,0
7/12/2022,AVAX,17.37790138,18.03021268,16.84541088,16.84541088,393620757.6,2022,0,0,0,0,0,0
7/13/2022,AVAX,16.84795504,18.87528987,16.61816731,18.80950268,636332384.2,2022,1,0,0,0,0,0
7/14/2022,AVAX,18.80767532,19.84077689,17.83165889,19.72987321,678776742.8,2022,1,0,0,0,0,0
7/15/2022,AVAX,19.73219506,20.15627644,19.13432958,19.38603721,538489864.3,2022,0,1,0,0,0,0
7/16/2022,AVAX,19.37770572,21.33884828,18.76599407,21.21149328,592225952.4,2022,1,1,0,0,0,0
7/17/2022,AVAX,21.21825753,22.00096036,20.60393284,20.60500493,502164783.7,2022,0,0,0,0,0,0
7/18/2022,AVAX,20.60747094,24.08971411,20.60747094,24.08971411,989322170.8,2022,1,2,0,0,0,0
7/19/2022,AVAX,24.07726212,26.1021146,23.12698073,24.73720691,1150854169,2022,1,0,1,0,0,0
7/20/2022,AVAX,24.73459826,26.11057852,23.5000382,23.59771795,1068333684,2022,0,3,0,0,0,0
7/21/2022,AVAX,23.59921603,25.38763257,22.74666199,25.04392518,759273173.6,2022,1,1,0,0,1,0
7/22/2022,AVAX,25.04468227,25.45994159,23.65845037,23.71585085,639197881.5,2022,0,0,0,0,0,0
7/23/2022,AVAX,23.70182201,24.60689593,22.89310834,23.646006,467200886.5,2022,0,2,0,0,0,0
7/24/2022,AVAX,23.64807036,24.43214954,23.31999855,23.86612353,424883178.5,2022,1,0,1,0,0,0
7/25/2022,AVAX,23.86332428,23.86332428,20.97567831,20.97567831,586670563.2,2022,0,0,0,0,0,0
7/26/2022,AVAX,20.9755149,20.9755149,19.60105616,20.66828462,443604587.5,2022,0,1,0,0,0,0
7/27/2022,AVAX,20.67223752,23.41818261,20.245286,23.41818261,753238648.9,2022,1,0,0,0,0,0
7/28/2022,AVAX,23.418628,24.58937843,22.61237101,24.23709739,1016911260,2022,1,0,0,0,0,0
7/29/2022,AVAX,24.24037394,25.27952576,23.5378375,24.52236439,922618021.8,2022,1,1,0,0,0,0
7/30/2022,AVAX,24.51581399,25.74089877,24.03061045,24.2284784,753147184.6,2022,0,1,0,0,0,0
7/31/2022,AVAX,24.22866065,25.14663512,23.6328195,23.7457821,565704850.7,2022,0,2,0,0,0,0
8/1/2022,AVAX,23.74112596,24.29106965,23.03883208,23.65823596,482933106,2022,0,0,1,0,0,0
8/2/2022,AVAX,23.65329847,23.87499096,22.30202716,22.86105732,588025227.9,2022,0,0,0,0,0,0
8/3/2022,AVAX,22.86396273,24.08953195,22.32845506,23.07191721,585469835.4,2022,1,0,0,0,0,0
8/4/2022,AVAX,23.07352817,23.96181202,22.96175261,23.37562007,454557871.1,2022,1,0,0,0,0,0
8/5/2022,AVAX,23.37104491,24.94969651,23.17824095,24.94952843,559959169.4,2022,1,1,0,0,0,0
8/6/2022,AVAX,24.94910596,26.79144395,24.73972385,26.65942774,725161176.6,2022,1,1,0,0,0,0
8/7/2022,AVAX,26.65819725,28.28914807,25.88026861,27.88996648,789046881,2022,1,2,0,0,0,0
8/8/2022,AVAX,27.89303295,30.49776017,27.60738793,27.94895281,983856351.9,2022,1,2,1,0,0,0
8/9/2022,AVAX,27.95002228,28.75356312,27.10476462,27.42022323,758807731.8,2022,0,3,1,0,0,0
8/10/2022,AVAX,27.41963802,30.00086195,26.70827053,29.11730931,942970922.3,2022,1,3,0,0,1,0
8/11/2022,AVAX,29.11893305,29.94682589,28.47416875,28.55514351,759953819.9,2022,0,0,0,0,1,0
8/12/2022,AVAX,28.55395178,29.37923592,28.19295534,29.34382872,488313177.3,2022,1,4,0,0,0,0
8/13/2022,AVAX,29.33912238,30.2649025,28.95384775,29.1084694,469245521.4,2022,0,0,0,0,0,0
8/14/2022,AVAX,29.11640479,29.80940399,27.94024683,28.21563496,427880594.5,2022,0,5,0,0,0,0
8/15/2022,AVAX,28.21978039,29.26229468,27.16773646,27.92951062,494986914.7,2022,0,0,0,0,0,0
8/16/2022,AVAX,27.91974462,28.31100297,27.03583443,27.16270545,415203519.4,2022,0,0,0,0,0,0
8/17/2022,AVAX,27.15845227,28.18882127,25.36851572,25.48673756,503874972.3,2022,0,0,0,0,0,0
8/18/2022,AVAX,25.50258011,26.25481968,24.23342232,24.25769805,390507879.1,2022,0,0,0,0,0,0
8/19/2022,AVAX,24.2518009,24.31542077,21.81346694,22.4878778,764994457.3,2022,0,0,0,0,0,0
8/20/2022,AVAX,22.47948669,23.03116203,21.71321056,22.30287875,507113878.6,2022,0,0,0,0,0,0
8/21/2022,AVAX,22.29676843,23.42775449,22.19742309,22.97730976,480536069.3,2022,1,0,0,0,0,0
8/22/2022,AVAX,22.97272977,22.98166714,21.68948213,22.58142505,512194711.4,2022,0,0,0,0,0,0
8/23/2022,AVAX,22.58411293,23.64521228,21.88386442,23.52440004,438836083.9,2022,1,1,0,0,0,0
8/24/2022,AVAX,23.51882669,23.58197906,22.8640085,23.02413161,365514546.7,2022,0,0,0,0,0,0
8/25/2022,AVAX,23.02656464,23.62839367,22.74769922,23.02031815,325764518.2,2022,0,2,0,0,0,0
8/26/2022,AVAX,23.01417135,23.17032248,20.43288588,20.59803001,530798722,2022,0,0,1,0,0,0
8/27/2022,AVAX,20.60429158,20.86459828,19.8701467,20.07775783,351975084.9,2022,0,0,0,0,0,0
8/28/2022,AVAX,20.07188276,20.40103732,18.27453189,18.43038164,368370708.3,2022,0,0,0,0,0,0
8/29/2022,AVAX,18.42881967,19.42138026,17.56276972,19.34901463,614013678.1,2022,1,0,0,0,0,0
8/30/2022,AVAX,19.3501299,20.55527275,18.9977671,19.34550563,576589736,2022,0,0,0,0,0,0
8/31/2022,AVAX,19.35286428,20.01162079,19.02813575,19.12834047,397343517,2022,0,1,0,0,0,0
9/1/2022,AVAX,19.13083992,19.40826063,18.38875362,19.3067514,318893651.6,2022,1,0,0,0,0,0
9/2/2022,AVAX,19.30365616,19.62042601,18.726858,18.86063123,299938092.3,2022,0,0,0,0,0,0
9/3/2022,AVAX,18.85841925,18.9889761,18.63099136,18.87508404,180333776.6,2022,1,1,0,0,0,0
9/4/2022,AVAX,18.87555881,19.1058248,18.77714802,19.00500068,194656841,2022,1,0,0,0,0,0
9/5/2022,AVAX,19.00737275,19.43651488,18.49637915,19.42653001,219675345.5,2022,1,2,0,0,0,0
9/6/2022,AVAX,19.43066226,20.42782833,18.21772027,18.21985739,459611429.7,2022,0,1,1,0,0,0
9/7/2022,AVAX,18.21544248,19.27236295,17.93990211,19.03277356,298559963.6,2022,1,3,0,0,0,0
9/8/2022,AVAX,19.02623493,19.14376594,18.46168003,19.12345693,314399498.4,2022,1,0,0,0,1,0
9/9/2022,AVAX,19.1253771,20.57600171,19.12352068,20.40078069,425890549.1,2022,1,4,0,0,0,0
9/10/2022,AVAX,20.39700377,21.06018174,20.10065148,20.49750185,365215813.9,2022,1,1,0,0,0,0
9/11/2022,AVAX,20.49252308,20.89786182,20.07472004,20.65885594,314321780,2022,1,5,0,0,0,0
9/12/2022,AVAX,20.65965612,21.88187953,20.1167654,21.3482094,729872503.1,2022,1,2,0,0,0,0
9/13/2022,AVAX,21.34852056,21.70027741,18.82537215,19.06827203,677722677.4,2022,0,6,1,0,0,0
9/14/2022,AVAX,18.88650029,19.30004153,18.54096749,19.12075982,416816639.8,2022,1,3,0,0,0,0
9/15/2022,AVAX,19.1214647,19.32359036,18.16227135,18.18609165,503156220,2022,0,0,0,0,1,0
9/16/2022,AVAX,18.19343085,18.29343762,17.65528506,18.05659759,443881512.7,2022,0,4,0,0,0,0
9/17/2022,AVAX,18.05605767,18.56532884,18.05605767,18.48308854,250641852.1,2022,1,0,0,0,0,0
9/18/2022,AVAX,18.48221697,18.71295964,16.64746402,16.73243075,458049290.6,2022,0,0,0,0,0,0
9/19/2022,AVAX,16.73036665,17.347843,16.46198132,17.30471715,390780821.9,2022,1,1,0,0,0,0
9/20/2022,AVAX,17.30564813,17.34922557,16.6253484,16.66739756,349506006.9,2022,0,0,0,0,0,0
9/21/2022,AVAX,16.67098316,17.76850803,16.29227219,16.61811604,435313782.3,2022,0,2,0,0,0,0
9/22/2022,AVAX,16.60560194,17.81009912,16.45786367,17.69084583,285215304.6,2022,1,0,1,0,0,0
9/23/2022,AVAX,17.68873413,18.21754753,17.22431559,17.959776,277003761.4,2022,1,0,0,0,0,0
9/24/2022,AVAX,17.95813236,18.17518702,17.5913671,17.62359544,171338755.3,2022,0,1,0,0,0,0
9/25/2022,AVAX,17.62346533,17.86053214,17.19107563,17.3312296,140488259.7,2022,0,1,0,0,0,0
9/26/2022,AVAX,17.33288142,17.56268432,17.0215735,17.54206234,188906812.2,2022,1,0,0,0,0,0
9/27/2022,AVAX,17.53811041,18.43434926,17.08637392,17.30769067,345407004.8,2022,0,0,0,0,0,0
9/28/2022,AVAX,17.30498643,17.40579798,16.78941715,17.25748716,257684561.6,2022,0,1,0,0,0,0
9/29/2022,AVAX,17.26159029,17.36865489,16.92736341,17.34863863,207582338.4,2022,1,0,0,0,0,0
9/30/2022,AVAX,17.34378071,17.6961403,17.05510491,17.19619692,279674592.9,2022,0,0,0,0,0,0
10/1/2022,AVAX,17.19728009,17.28925495,16.92818806,16.97086417,134160561.2,2022,0,1,0,0,0,0
10/2/2022,AVAX,16.97126706,17.1200097,16.53007959,16.53337796,171162153.5,2022,0,0,0,0,0,0
10/3/2022,AVAX,16.53525386,17.25254882,16.43286576,17.16819246,204748173.5,2022,1,0,0,0,0,0
10/4/2022,AVAX,17.1666076,17.5217209,17.0867332,17.44037838,174779831.8,2022,1,0,0,0,0,0
10/5/2022,AVAX,17.43784047,17.44694258,16.98107553,17.37370341,176999979.5,2022,0,1,0,0,0,0
10/6/2022,AVAX,17.37366689,17.62871505,17.02556321,17.0377831,189856861.7,2022,0,1,0,0,0,0
10/7/2022,AVAX,17.03897748,17.14711196,16.75429619,16.90461505,158335012.1,2022,0,0,0,0,0,0
10/8/2022,AVAX,16.90365374,16.98353123,16.68539482,16.7853592,92577196.91,2022,0,0,0,0,0,0
10/9/2022,AVAX,16.78555979,16.9811033,16.71670618,16.90305427,89206881.51,2022,1,0,0,0,0,0
10/10/2022,AVAX,16.90274704,17.17899091,16.23850159,16.23850159,159927572.5,2022,0,0,0,0,0,0
10/11/2022,AVAX,16.23511245,16.23550317,15.72413744,15.95166908,198036643,2022,0,1,0,0,0,0
10/12/2022,AVAX,15.9506623,16.13135204,15.89378296,15.9616314,116523360.5,2022,1,0,0,0,0,0
10/13/2022,AVAX,15.96160264,15.98141798,14.59381276,15.67171386,369779404.1,2022,0,0,0,0,0,0
10/14/2022,AVAX,15.67015677,16.36639318,15.56258069,15.68238439,207908885.9,2022,1,1,0,0,0,0
10/15/2022,AVAX,15.68153294,15.7402712,15.42219516,15.44047804,114054506.1,2022,0,0,0,0,0,0
10/16/2022,AVAX,15.44078464,15.8622396,15.44078464,15.75531947,127163510.5,2022,1,2,0,0,0,0
10/17/2022,AVAX,15.75504558,16.24307302,15.67697312,16.18509904,171491981.5,2022,1,0,1,0,0,0
10/18/2022,AVAX,16.18615298,16.33238123,15.60438215,15.87175977,195129666.3,2022,0,3,0,0,0,0
10/19/2022,AVAX,15.87136283,15.89592661,15.09883713,15.1070326,204882795.6,2022,0,1,0,0,1,0
10/20/2022,AVAX,15.10154405,15.44454892,14.94056394,15.18733191,233552042.9,2022,1,0,0,0,0,0
10/21/2022,AVAX,15.18890412,15.72472821,14.65184426,15.6902868,240934067.1,2022,1,0,0,0,0,0
10/22/2022,AVAX,15.68943657,15.87777705,15.55205015,15.68367153,131362691.5,2022,0,1,0,0,0,0
10/23/2022,AVAX,15.68383605,16.34176106,15.63165554,16.3022935,191269978.7,2022,1,1,0,0,0,0
10/24/2022,AVAX,16.30236714,16.44954162,15.66290759,15.75955173,160269141.5,2022,0,0,0,0,0,0
10/25/2022,AVAX,15.75815776,16.96059774,15.62901022,16.66862843,268037580.6,2022,1,2,0,0,0,0
10/26/2022,AVAX,16.65995244,17.25381717,16.65617055,17.01515504,314000709.2,2022,1,0,1,0,0,0
10/27/2022,AVAX,17.01578175,17.48020551,16.89278143,16.9139709,368498288.3,2022,0,3,0,0,0,0
10/28/2022,AVAX,16.91445426,18.36765251,16.82816055,18.34030919,431888975.1,2022,1,1,0,0,1,0
10/29/2022,AVAX,18.33908398,18.85055985,18.19820854,18.30797348,324609848,2022,0,0,0,0,0,0
10/30/2022,AVAX,18.30579217,18.79692944,17.9629539,18.26560592,282464477.5,2022,0,2,0,0,0,0
10/31/2022,AVAX,18.26155763,19.71123537,18.23668982,19.31161018,520744777.7,2022,1,0,1,0,0,0
11/1/2022,AVAX,19.31098688,19.44698627,18.59838882,18.66878408,281528846.3,2022,0,0,0,0,0,0
11/2/2022,AVAX,18.66133883,18.72204465,17.51008658,17.89747581,365548951.5,2022,0,1,0,0,0,0
11/3/2022,AVAX,17.89879762,18.80956873,17.83032099,18.04765566,244934828.1,2022,1,0,0,0,0,0
11/4/2022,AVAX,18.0433975,19.6159305,17.94048106,19.3957605,365593898.6,2022,1,0,0,0,0,0
11/5/2022,AVAX,19.39373928,20.49410748,19.24968178,19.60324755,395714100.7,2022,1,1,0,0,0,0
11/6/2022,AVAX,19.60338261,19.7048006,18.27687546,18.27922992,236417681.6,2022,0,1,0,0,0,0
11/7/2022,AVAX,18.2759844,18.82889986,17.79134425,18.06842024,310371680,2022,0,2,0,0,0,0
11/8/2022,AVAX,18.06716488,18.14251618,15.27318537,15.99160531,878228418.4,2022,0,0,1,0,0,0
11/9/2022,AVAX,15.9957688,16.10898424,12.27934028,12.91787503,752204885.9,2022,0,0,0,0,0,0
11/10/2022,AVAX,12.91640504,15.86744462,12.75727508,15.38650572,507516498.2,2022,1,0,0,0,0,0
11/11/2022,AVAX,15.38524693,15.41830772,13.6624212,14.09554592,300019683.3,2022,0,0,0,0,0,0
11/12/2022,AVAX,14.10158811,14.11802493,12.97306636,13.06407147,151599249.5,2022,0,1,0,0,0,0
11/13/2022,AVAX,13.06685123,13.33684055,12.73487335,13.05202029,161491788.7,2022,0,0,0,0,0,0
11/14/2022,AVAX,13.0534899,13.55986634,12.10657179,13.10676359,233088831.7,2022,1,0,0,0,0,0
11/15/2022,AVAX,13.10796706,13.97978552,13.04883843,13.49658212,164929944.8,2022,1,0,0,0,0,0
11/16/2022,AVAX,13.49772659,13.68969986,12.89407846,13.07848277,147528056.9,2022,0,1,0,0,0,0
11/17/2022,AVAX,13.07666783,13.2876689,12.69776419,12.88934482,152325455.4,2022,0,1,0,0,0,0
11/18/2022,AVAX,12.88833022,13.27020549,12.88143266,12.98943052,132691557.2,2022,1,0,0,0,0,0
11/19/2022,AVAX,12.99045965,12.99045965,12.55731264,12.88217319,101179071.6,2022,0,0,0,0,0,0
11/20/2022,AVAX,12.88194993,13.11783263,12.13129987,12.19677922,131091599.9,2022,0,1,0,0,0,0
11/21/2022,AVAX,12.19613497,12.19613497,11.64735681,11.8343797,184823170.4,2022,0,0,0,0,0,0
11/22/2022,AVAX,11.83328129,12.35050483,11.4920868,12.32219282,191009082.8,2022,1,0,0,0,0,0
11/23/2022,AVAX,12.32451178,13.03165227,12.32451178,13.03165227,197226438.1,2022,1,0,0,0,0,0
11/24/2022,AVAX,13.03024296,13.3655984,12.8058009,12.94083302,157045573.5,2022,0,1,0,0,0,0
11/25/2022,AVAX,12.9400982,13.01181242,12.54986146,12.82828876,127884745.2,2022,0,1,0,0,0,0
11/26/2022,AVAX,12.82818005,13.21205332,12.65736154,12.75235733,147386106.3,2022,0,0,0,0,0,0
11/27/2022,AVAX,12.7523937,13.24274114,12.70661399,12.87678623,122601926.8,2022,1,0,0,0,0,0
11/28/2022,AVAX,12.87170355,12.97786817,12.01676234,12.45779082,175938136.8,2022,0,0,0,0,0,0
11/29/2022,AVAX,12.4591774,12.70382443,12.3133105,12.472988,162217202,2022,1,1,0,0,0,0
11/30/2022,AVAX,12.47337913,13.17441747,12.47337913,13.15740103,195360075,2022,1,0,0,0,0,0
12/1/2022,AVAX,13.15643204,13.27714781,12.84105275,12.88773296,152241995.5,2022,0,2,0,0,0,0
12/2/2022,AVAX,12.88882886,13.611928,12.84070027,13.58639918,185188563.1,2022,1,1,1,0,0,0
12/3/2022,AVAX,13.58722168,13.85684921,13.32420376,13.43128239,179887085.9,2022,0,0,0,0,0,0
12/4/2022,AVAX,13.42719241,13.92641747,13.42312462,13.92561458,150926133.7,2022,1,2,0,0,0,0
12/5/2022,AVAX,13.92453201,14.30538984,13.48226221,13.60273346,183876781.5,2022,0,0,1,0,0,0
12/6/2022,AVAX,13.60281814,13.67199335,13.49672572,13.66642171,125511202.9,2022,1,3,0,0,0,0
12/7/2022,AVAX,13.66579844,13.6785644,13.02914042,13.26404841,140058712.5,2022,0,0,0,0,1,0
12/8/2022,AVAX,13.26592942,13.50128385,13.11352164,13.40671406,119634853,2022,1,4,0,0,0,0
12/9/2022,AVAX,13.40648223,13.59864138,13.37514946,13.45182284,116383354.1,2022,1,0,0,0,0,0
12/10/2022,AVAX,13.45339063,13.56513936,13.35933472,13.48004685,90549473.1,2022,1,5,0,0,0,0
12/11/2022,AVAX,13.48069483,13.49441475,12.96933897,12.99510004,99881447.46,2022,0,1,0,0,0,0
12/12/2022,AVAX,12.99382892,13.03952514,12.64900279,12.9914851,130384940,2022,0,6,0,0,0,0
12/13/2022,AVAX,12.9926769,14.08819717,12.60519446,13.72817499,289072312.9,2022,1,0,0,0,0,0
12/14/2022,AVAX,13.73113401,14.15546139,13.52387658,13.53593828,221542854.1,2022,0,0,0,0,0,0
12/15/2022,AVAX,13.72599226,13.86343257,13.11355194,13.17080116,152280791.5,2022,0,1,0,0,0,0
12/16/2022,AVAX,13.17133421,13.27744492,11.68937257,11.84681354,194845680.8,2022,0,0,0,0,0,0
12/17/2022,AVAX,11.84592759,11.97133725,11.58017575,11.96333711,128236701.7,2022,1,0,0,0,0,0
12/18/2022,AVAX,11.96294001,12.0059112,11.8282306,11.9226786,82546490.98,2022,0,0,0,0,0,0
12/19/2022,AVAX,11.92561797,12.0792028,11.27796954,11.38227995,145700235.9,2022,0,1,0,0,0,0
12/20/2022,AVAX,11.38584465,12.0182014,11.36899986,11.96780472,133088275.4,2022,1,0,0,0,0,0
12/21/2022,AVAX,11.96539322,11.97196472,11.64721626,11.69643694,99510760.75,2022,0,0,0,0,0,0
12/22/2022,AVAX,11.69793511,11.84344684,11.49137152,11.8434307,100223574.2,2022,1,1,0,0,0,0
12/23/2022,AVAX,11.84354293,11.87252745,11.74369692,11.78172664,97273971.43,2022,0,0,0,0,0,0
12/24/2022,AVAX,11.78160643,11.82081992,11.66332258,11.68042855,49904792.47,2022,0,2,0,0,0,0
12/25/2022,AVAX,11.68012424,11.71580822,11.53906367,11.68459274,96667767.92,2022,1,0,1,0,0,0
12/26/2022,AVAX,11.68433038,11.76417774,11.58063027,11.72385649,100546246.3,2022,1,0,0,0,0,0
12/27/2022,AVAX,11.72073116,11.78020853,11.58132237,11.64639563,130725346.6,2022,0,1,0,0,0,0
12/28/2022,AVAX,11.64621416,11.65528667,11.1327278,11.20291364,139487053.8,2022,0,1,0,0,0,0
12/29/2022,AVAX,11.20308664,11.20821304,10.70211675,10.99269474,118611566.1,2022,0,0,0,0,0,0
12/30/2022,AVAX,10.99242643,10.99242643,10.65106025,10.87024908,158598467,2022,0,0,0,0,0,0
12/31/2022,AVAX,10.87063265,11.04160545,10.84686635,10.90263286,84881314.58,2022,1,0,0,0,0,0
1/1/2023,AVAX,10.90373409,10.92994835,10.67073301,10.86591514,95741904.23,2023,0,0,0,0,0,0
1/2/2023,AVAX,10.86603371,11.231228,10.74395104,11.15361514,128530323.5,2023,1,1,0,0,0,0
1/3/2023,AVAX,11.15368359,11.52815089,11.08723573,11.38444977,165410540.6,2023,1,0,0,0,0,0
1/4/2023,AVAX,11.38394213,12.27071736,11.36371325,12.07761339,203700016.8,2023,1,2,0,0,0,0
1/5/2023,AVAX,12.07743267,12.149061,11.71855469,11.740196,148011462.7,2023,0,1,1,0,0,0
1/6/2023,AVAX,11.74231318,11.80351104,11.38878066,11.78120608,135298028.3,2023,1,3,0,0,0,0
1/7/2023,AVAX,11.78193293,11.85420256,11.66606444,11.74342436,99819318.94,2023,0,0,0,0,1,0
1/8/2023,AVAX,11.74146276,12.12807736,11.60965896,12.07258536,133385894,2023,1,4,0,0,0,0
1/9/2023,AVAX,12.06956841,12.63173667,12.06956841,12.20963692,331158364.1,2023,1,0,0,0,0,0
1/10/2023,AVAX,12.20708055,12.86948201,12.08960738,12.73124129,230945289,2023,1,5,0,0,0,0
1/11/2023,AVAX,12.72966293,15.91392439,12.31607814,15.91392439,815639198.5,2023,1,1,0,0,0,0
1/12/2023,AVAX,15.90377129,16.37905218,14.88600809,15.45735026,821227059.4,2023,0,6,0,0,0,0
1/13/2023,AVAX,15.45751724,16.43285489,15.04715706,15.96222283,594284894.3,2023,1,2,0,0,0,0
1/14/2023,AVAX,15.96125079,18.33752608,15.94421007,16.95805801,1069929455,2023,1,0,1,0,0,0
1/15/2023,AVAX,16.95948458,17.04331682,16.0511265,16.79711691,514796095.9,2023,0,3,0,0,0,0
1/16/2023,AVAX,16.79619747,17.27522525,16.22039947,16.74078837,455814602.2,2023,0,1,0,0,1,0
1/17/2023,AVAX,16.74263686,18.1362954,16.66914027,17.12659175,549733347.5,2023,1,0,0,0,0,0
1/18/2023,AVAX,17.12907997,17.38340834,15.77480281,15.80433099,466860281.1,2023,0,0,0,0,0,0
1/19/2023,AVAX,15.80941204,16.25635738,15.750174,16.19635288,275014984.2,2023,1,1,0,0,0,0
1/20/2023,AVAX,16.19332529,17.52812569,15.90236605,17.5212747,377589625.9,2023,1,0,0,0,0,0
1/21/2023,AVAX,17.52294761,17.73019706,16.88703636,16.89646932,451849941.4,2023,0,2,0,0,0,0
1/22/2023,AVAX,16.89125378,18.36590406,16.87722692,17.36227218,528180733.1,2023,1,1,1,0,0,0
1/23/2023,AVAX,17.36220698,18.28485765,17.34971022,18.0065873,447269430.7,2023,1,0,0,0,0,0
1/24/2023,AVAX,17.9953734,18.85618575,16.93581941,17.01931265,483621028.8,2023,0,2,0,0,0,0
1/25/2023,AVAX,17.02123359,18.21517993,16.60301513,17.80389067,373780820.5,2023,1,1,1,0,0,0
1/26/2023,AVAX,17.79720558,18.7157969,17.79720558,18.10803454,485573314.9,2023,1,0,0,0,0,0
1/27/2023,AVAX,18.10741723,21.55122655,17.62621079,21.25410328,680858655.4,2023,1,2,0,0,0,0
1/28/2023,AVAX,21.25161525,21.68404339,20.15287985,20.60496018,689054376.7,2023,0,1,1,0,0,0
1/29/2023,AVAX,20.60445308,21.12351955,20.22764178,21.07977854,420146184.5,2023,1,3,0,0,0,0
1/30/2023,AVAX,21.07667717,21.17930741,19.43382072,19.73917068,665345569.7,2023,0,0,0,0,1,0
1/31/2023,AVAX,19.73755519,20.09892988,19.40431717,19.84449879,398085253.4,2023,1,4,0,0,0,0
2/1/2023,AVAX,19.8429475,20.96536436,18.79530658,20.96536436,578705289.4,2023,1,0,0,0,0,0
2/2/2023,AVAX,20.95808719,22.70515034,20.95457331,21.18005894,923881871.9,2023,1,5,0,0,0,0
2/3/2023,AVAX,21.17309104,21.84497113,20.87823553,21.36518659,449947551,2023,1,1,0,0,0,0
2/4/2023,AVAX,21.36261326,21.61928265,20.99332013,21.0246352,270970237.2,2023,0,6,0,0,0,0
2/5/2023,AVAX,21.02543411,21.11889618,19.77849527,20.10801719,341651158.7,2023,0,2,0,0,0,0
2/6/2023,AVAX,20.10721873,20.37062519,19.56039504,19.58503536,228201923.7,2023,0,0,1,0,0,0
2/7/2023,AVAX,19.58088871,20.91779474,19.57065871,20.84521867,316667705.5,2023,1,0,0,0,0,0
2/8/2023,AVAX,20.84447953,20.99551241,19.73801013,20.08147533,257585286.8,2023,0,0,0,0,0,0
2/9/2023,AVAX,20.08573993,20.20979062,17.66394922,17.87445247,387714367.4,2023,0,1,0,0,0,0
2/10/2023,AVAX,17.87581365,18.22443338,17.62876988,17.79852993,232811781.6,2023,0,0,0,0,0,0
2/11/2023,AVAX,17.80218884,18.0737943,17.70331093,18.02908557,134054933.4,2023,1,0,0,0,0,0
2/12/2023,AVAX,18.02776783,18.46637194,17.6155496,17.76869847,259289327.6,2023,0,0,0,0,0,0
2/13/2023,AVAX,17.77037058,17.84229221,16.93363527,17.62097128,245266831.1,2023,0,1,0,0,0,0
2/14/2023,AVAX,17.61852204,18.25716864,17.37798046,18.14703089,249864205.2,2023,1,0,0,0,0,0
2/15/2023,AVAX,18.14570015,19.92364643,17.9396227,19.92364643,256514870.1,2023,1,0,0,0,0,0
2/16/2023,AVAX,19.92382661,20.31132033,18.58377771,18.61483084,362001304.5,2023,0,1,0,0,0,0
2/17/2023,AVAX,18.61043394,19.62190507,18.52208307,19.47738923,249597693.4,2023,1,1,0,0,0,0
2/18/2023,AVAX,19.47702991,20.03261143,19.36009566,19.57869691,258172528,2023,1,0,0,0,0,0
2/19/2023,AVAX,19.57203107,20.36556039,19.43706109,19.8020775,288113871.7,2023,1,2,0,0,0,0
2/20/2023,AVAX,19.80809094,21.31045383,19.21548441,20.8107668,483461794.8,2023,1,1,1,0,0,0
2/21/2023,AVAX,20.81546885,21.60017259,20.01740518,20.94012975,489974939.6,2023,1,3,0,0,0,0
2/22/2023,AVAX,20.94215694,21.45758147,19.64725157,20.31447586,605541357.2,2023,0,2,0,0,1,0
2/23/2023,AVAX,20.31671874,20.69533736,19.5836229,19.7026376,309191496.7,2023,0,4,1,0,0,0
2/24/2023,AVAX,19.70188652,19.80513839,18.14151287,18.36859947,298510977,2023,0,0,0,0,0,0
2/25/2023,AVAX,18.37303116,18.55935996,17.54289819,17.95964195,242999789.9,2023,0,0,0,0,0,0
2/26/2023,AVAX,17.95693065,18.55504266,17.85076847,18.44385459,151162317,2023,1,0,0,0,0,0
2/27/2023,AVAX,18.44245092,18.61831811,17.78910916,17.93974012,198821794.7,2023,0,0,0,0,0,0
2/28/2023,AVAX,17.93850141,17.93850141,17.00038096,17.08111414,200107205.3,2023,0,1,0,0,0,0
3/1/2023,AVAX,17.08233602,17.79535539,17.03355258,17.76102301,159270741.3,2023,1,0,0,0,0,0
3/2/2023,AVAX,17.7615514,17.83243231,17.16027135,17.4470309,132504183.8,2023,0,0,0,0,0,0
3/3/2023,AVAX,17.44779987,17.46885543,15.94498749,16.65438336,205495359.2,2023,0,1,0,0,0,0
3/4/2023,AVAX,16.65412004,16.87208231,15.81896194,16.11780643,122435703,2023,0,0,0,0,0,0
3/5/2023,AVAX,16.12207577,16.50018352,16.08805304,16.15933843,108593996.6,2023,1,0,0,0,0,0
3/6/2023,AVAX,16.15630198,16.58368507,15.86071975,16.52437992,162196353.7,2023,1,0,0,0,0,0
3/7/2023,AVAX,16.52454297,16.69842794,15.91472286,16.16978169,161466098.9,2023,0,1,0,0,0,0
3/8/2023,AVAX,16.16967073,16.23519373,15.08682196,15.13435325,168121578.2,2023,0,1,0,0,0,0
3/9/2023,AVAX,15.13531892,15.66695504,14.25826738,14.40396009,223903610.4,2023,0,0,0,0,0,0
3/10/2023,AVAX,14.40749315,15.08688984,13.94164969,14.82969078,295964794.2,2023,1,0,0,0,0,0
3/11/2023,AVAX,14.82889984,15.17817981,14.10341647,14.63896032,242350091,2023,0,0,0,0,0,0
3/12/2023,AVAX,14.63569918,16.30514556,14.36344419,16.25658101,247416382.6,2023,1,1,0,0,0,0
3/13/2023,AVAX,16.25926845,16.79297503,15.56371633,16.50008486,326292018.2,2023,1,0,0,0,0,0
3/14/2023,AVAX,16.50062143,17.89102645,16.21117649,17.18081735,425237956.8,2023,1,2,0,0,0,0
3/15/2023,AVAX,17.18476166,17.47606434,15.44803113,15.58516879,314371130.6,2023,0,1,1,0,0,0
3/16/2023,AVAX,15.59028859,16.06647865,15.37969278,15.87647798,199893660.9,2023,1,3,0,0,0,0
3/17/2023,AVAX,15.87877454,17.72435652,15.70724059,17.64643567,249635546,2023,1,0,0,0,1,0
3/18/2023,AVAX,17.64738519,18.17918204,16.94885092,16.98736701,260105946,2023,0,4,0,0,0,0
3/19/2023,AVAX,16.98949004,18.0974534,16.98949004,17.56310642,188260913.3,2023,1,1,0,0,0,0
3/20/2023,AVAX,17.56390591,17.79582214,16.61823879,16.64081391,226183875.7,2023,0,0,0,0,0,0
3/21/2023,AVAX,16.64728831,17.52816917,16.42547844,17.48546793,201360714.7,2023,1,2,0,0,0,0
3/22/2023,AVAX,17.48342088,17.92417184,16.38042478,16.7798116,309254853.2,2023,0,0,1,0,0,0
3/23/2023,AVAX,16.77694588,17.83391977,16.65447752,17.56293649,225499693.4,2023,1,3,0,0,0,0
3/24/2023,AVAX,17.56388468,17.63696449,16.7585555,16.98675953,165076425.6,2023,0,0,0,0,1,0
3/25/2023,AVAX,16.98478794,17.15158667,16.43358987,16.88011511,160302358.3,2023,0,4,0,0,0,0
3/26/2023,AVAX,16.88195749,17.28208597,16.88195749,17.13402515,120192187.6,2023,1,0,0,0,0,0
3/27/2023,AVAX,17.13357815,17.15059726,16.1499357,16.50317237,155993864,2023,0,0,0,0,0,0
3/28/2023,AVAX,16.50355136,16.79838463,16.35054711,16.72626841,157163428.4,2023,1,1,0,0,0,0
3/29/2023,AVAX,16.72614564,17.3912021,16.6857174,17.29394042,173033738.3,2023,1,0,0,0,0,0
3/30/2023,AVAX,17.29946427,17.52766226,17.05640008,17.2453325,201197047,2023,0,2,0,0,0,0
3/31/2023,AVAX,17.24721567,17.82731586,17.12300433,17.71689098,188033602.3,2023,1,1,1,0,0,0
4/1/2023,AVAX,17.714416,17.87763464,17.57381078,17.66268355,111851369,2023,0,0,0,0,0,0
4/2/2023,AVAX,17.79855678,17.83818104,17.12401456,17.26328754,122730984.4,2023,0,2,0,0,0,0
4/3/2023,AVAX,17.26184759,17.42207805,16.73594485,17.10102427,183483019.3,2023,0,0,1,0,0,0
4/4/2023,AVAX,17.10124302,17.6489842,16.99456505,17.64712231,143457848.8,2023,1,0,0,0,0,0
4/5/2023,AVAX,17.64735538,18.3125842,17.6358591,17.98952587,221196175.9,2023,1,0,0,0,0,0
4/6/2023,AVAX,17.9904462,18.31280957,17.70067052,18.00194972,175964595,2023,1,1,0,0,0,0
4/7/2023,AVAX,18.00017209,18.12279406,17.53992807,17.62446323,128153712.8,2023,0,1,0,0,0,0
4/8/2023,AVAX,17.62183623,17.74057181,17.40783281,17.46486048,87844490.08,2023,0,2,0,0,0,0
4/9/2023,AVAX,17.46577898,17.63696317,17.28164687,17.56092849,92348600.71,2023,1,0,1,0,0,0
4/10/2023,AVAX,17.56033222,17.9601266,17.41312419,17.93252689,125916354.4,2023,1,0,0,0,0,0
4/11/2023,AVAX,17.93449296,18.56497854,17.90409735,18.16439545,176916860.1,2023,1,1,0,0,0,0
4/12/2023,AVAX,18.1640625,18.69649839,17.73080883,18.49112021,310077627.8,2023,1,1,0,0,0,0
4/13/2023,AVAX,18.25657049,19.01182064,18.15497169,18.85436237,250901056.9,2023,1,2,0,0,0,0
4/14/2023,AVAX,18.85417284,19.30904763,18.51934832,19.24878863,256976337.3,2023,1,2,1,0,0,0
4/15/2023,AVAX,19.24814933,19.50812131,19.03051752,19.10762071,186898140.2,2023,0,3,1,0,0,0
4/16/2023,AVAX,19.10713641,20.46013573,18.93570213,20.20197845,272546344.2,2023,1,3,0,0,1,0
4/17/2023,AVAX,20.20134515,21.09341986,20.02879214,20.51456165,504173914.5,2023,1,0,0,0,1,0
4/18/2023,AVAX,20.51787758,21.52521406,20.38055078,21.22784854,289785298.6,2023,1,4,0,0,0,0
4/19/2023,AVAX,21.22297369,21.22297369,18.79235316,18.99392564,375670294.3,2023,0,1,0,0,0,0
4/20/2023,AVAX,18.99033377,19.40133545,18.2950776,18.33206659,294882989.2,2023,0,5,0,0,0,0
4/21/2023,AVAX,18.33288358,18.49474407,16.81055094,16.95362816,312839997,2023,0,0,0,0,0,0
4/22/2023,AVAX,16.95215612,17.34044837,16.85211051,17.23383903,141967934.7,2023,1,0,0,0,0,0
4/23/2023,AVAX,17.23493526,17.24839909,16.59294655,16.86546455,135279686.7,2023,0,0,0,0,0,0
4/24/2023,AVAX,16.86475311,17.22000692,16.5971203,16.93916603,162414861.9,2023,1,1,0,0,0,0
4/25/2023,AVAX,16.93770008,17.73865501,16.80557901,17.64320896,201291902.6,2023,1,0,0,0,0,0
4/26/2023,AVAX,17.64189923,18.19663329,16.4422665,17.18976286,301564451.1,2023,0,2,0,0,0,0
4/27/2023,AVAX,17.19050467,17.8990402,17.14951485,17.72449899,204597089.3,2023,1,1,1,0,0,0
4/28/2023,AVAX,17.72447137,17.80723055,17.30623657,17.56381558,127740732.5,2023,0,0,0,0,0,0
4/29/2023,AVAX,17.56284398,17.71831141,17.40903811,17.48208259,98790065.71,2023,0,2,0,0,0,0
4/30/2023,AVAX,17.4831827,17.80991226,17.1490965,17.16626017,117908615.3,2023,0,0,1,0,0,0
5/1/2023,AVAX,17.16277005,17.21229298,16.5372299,16.65838042,136356602.8,2023,0,0,0,0,0,0
5/2/2023,AVAX,16.65872693,16.9668351,16.527619,16.85470705,109496323.4,2023,1,0,0,0,0,0
5/3/2023,AVAX,16.85454838,17.31440172,16.44066963,17.22213147,162088946.3,2023,1,0,0,0,0,0
5/4/2023,AVAX,17.22375427,17.252674,16.83331841,16.91795472,113190607.7,2023,0,1,0,0,0,0
5/5/2023,AVAX,16.92181379,17.4129499,16.89685202,17.38660468,171744723.2,2023,1,1,0,0,0,0
5/6/2023,AVAX,17.38744438,17.48225714,16.50222096,16.63551946,133852669.2,2023,0,0,0,0,0,0
5/7/2023,AVAX,16.63534804,16.73793114,16.4408421,16.4477303,95305315.41,2023,0,2,0,0,0,0
5/8/2023,AVAX,16.44506089,16.50736508,15.07004215,15.42347717,244045720.9,2023,0,0,1,0,0,0
5/9/2023,AVAX,15.42355661,15.57580912,15.25674615,15.33558272,116223244.1,2023,0,0,0,0,0,0
5/10/2023,AVAX,15.33610157,15.70870252,14.90878434,15.53670933,226449890.6,2023,1,0,0,0,0,0
5/11/2023,AVAX,15.53738956,15.53768375,14.85599331,14.97328821,142436557.7,2023,0,0,0,0,0,0
5/12/2023,AVAX,14.97371144,15.20072379,14.67658752,15.19285332,152580776.7,2023,1,1,0,0,0,0
5/13/2023,AVAX,15.19402643,15.20186845,14.9346483,14.94206593,76672619.51,2023,0,0,0,0,0,0
5/14/2023,AVAX,14.9412778,15.14248808,14.8555009,15.03024991,81176240.49,2023,1,2,0,0,0,0
5/15/2023,AVAX,15.02960416,15.34314313,14.86352936,15.09314676,130822729.2,2023,1,0,1,0,0,0
5/16/2023,AVAX,15.09375454,15.14203678,14.77042971,14.90305888,115280579.8,2023,0,3,0,0,0,0
5/17/2023,AVAX,14.90238927,15.28419847,14.69296971,15.16407435,130832785.7,2023,1,1,0,0,1,0
5/18/2023,AVAX,15.16383563,15.17344247,14.49427984,14.70057213,131860692.3,2023,0,0,0,0,0,0
5/19/2023,AVAX,14.70153077,14.80501905,14.59689217,14.6789891,96148692.04,2023,0,2,0,0,0,0
5/20/2023,AVAX,14.67887851,14.69969834,14.55602182,14.63669378,69935200,2023,0,0,1,0,0,0
5/21/2023,AVAX,14.63577263,14.68758879,14.251659,14.31343488,84412581.98,2023,0,0,0,0,0,0
5/22/2023,AVAX,14.31281378,14.75381276,14.14851193,14.68055229,125232952.3,2023,1,0,0,0,0,0
5/23/2023,AVAX,14.68041198,14.94610721,14.62520932,14.7114537,105989745.2,2023,1,0,0,0,0,0
5/24/2023,AVAX,14.71189373,14.71203475,14.0279115,14.14778619,131193367,2023,0,1,0,0,0,0
5/25/2023,AVAX,14.14716929,14.24671642,13.8334824,14.09554469,128871426,2023,0,1,0,0,0,0
5/26/2023,AVAX,14.09579272,14.38865974,13.98737049,14.3457597,122877712.2,2023,1,0,0,0,0,0
5/27/2023,AVAX,14.34529834,14.58396626,14.28972438,14.54934618,100317944.2,2023,1,0,0,0,0,0
5/28/2023,AVAX,14.55068159,15.03466687,14.38783685,14.93582254,154009924.1,2023,1,1,0,0,0,0
5/29/2023,AVAX,14.938732,14.96410932,14.38296142,14.4847773,134187210.4,2023,0,1,0,0,0,0
5/30/2023,AVAX,14.48598169,14.72357648,14.41038956,14.45111407,136632953.4,2023,0,2,0,0,0,0
5/31/2023,AVAX,14.45082162,14.46080941,14.02501254,14.11964092,128954994,2023,0,0,1,0,0,0
6/1/2023,AVAX,14.11941686,14.28488984,13.89301113,14.10698367,116708033,2023,0,0,0,0,0,0
6/2/2023,AVAX,14.10590261,14.55781446,14.02342614,14.49013816,128575135.8,2023,1,0,0,0,0,0
6/3/2023,AVAX,14.49035398,14.59723868,14.42220166,14.57432765,91435614.26,2023,1,0,0,0,0,0
6/4/2023,AVAX,14.57489282,14.91509918,14.5306619,14.7824926,112060060.9,2023,1,1,0,0,0,0
6/5/2023,AVAX,14.783157,14.87354733,13.60967957,13.89724369,236605568.6,2023,0,1,0,0,0,0
6/6/2023,AVAX,13.8949598,14.66053764,13.85191029,14.63187658,170072629.1,2023,1,2,0,0,0,0
6/7/2023,AVAX,14.63158126,14.68254502,13.99668818,14.03212924,159208577.2,2023,0,0,1,0,0,0
6/8/2023,AVAX,14.03162462,14.09510363,13.81285503,13.93117259,110532058.2,2023,0,3,0,0,0,0
6/9/2023,AVAX,13.93181117,14.22535264,13.73785721,13.76786778,130556046.8,2023,0,0,0,0,1,0
6/10/2023,AVAX,13.7678664,13.7678664,10.42367662,11.68025831,430714377.1,2023,0,0,0,0,0,0
6/11/2023,AVAX,11.6800999,11.79560457,11.50034422,11.57525713,121882449.6,2023,0,0,0,0,0,0
6/12/2023,AVAX,11.57508645,11.58316189,11.30092856,11.52029635,125715031.2,2023,0,0,0,0,0,0
6/13/2023,AVAX,11.52052383,12.04145069,11.45587579,11.78735432,139037458.8,2023,1,0,0,0,0,0
6/14/2023,AVAX,11.78734119,11.94881971,11.26086525,11.36608427,135945535.4,2023,0,0,0,0,0,0
6/15/2023,AVAX,11.36707104,11.54672765,11.03264534,11.40145216,140941560.5,2023,1,1,0,0,0,0
6/16/2023,AVAX,11.40016805,11.69341481,11.27535243,11.54164117,93292946.74,2023,1,0,0,0,0,0
6/17/2023,AVAX,11.54151401,11.82156126,11.4869803,11.62521441,89125241.65,2023,1,2,0,0,0,0
6/18/2023,AVAX,11.62493112,11.6282364,11.33796581,11.34263473,95386927.53,2023,0,1,1,0,0,0
6/19/2023,AVAX,11.34300156,11.48732528,11.21113277,11.4546097,89600907.64,2023,1,3,0,0,0,0
6/20/2023,AVAX,11.45524761,12.10843662,11.20534755,12.10644967,123591887.6,2023,1,0,0,0,1,0
6/21/2023,AVAX,12.10678508,13.01194308,12.07619692,12.91766331,199602350.9,2023,1,4,0,0,0,0
6/22/2023,AVAX,12.91525984,13.2134974,12.64572701,12.66788322,171555239.2,2023,0,1,0,0,0,0
6/23/2023,AVAX,12.66823841,13.48217438,12.66374147,13.28194976,171643519.6,2023,1,5,0,0,0,0
6/24/2023,AVAX,13.28221806,13.38566772,12.80357576,13.02487008,122944054.8,2023,0,0,0,0,0,0
6/25/2023,AVAX,13.02302331,13.6740908,12.99698115,13.44251865,150750404.2,2023,1,6,0,0,0,0
6/26/2023,AVAX,13.44223088,13.63967875,13.03208793,13.15283353,163891430.6,2023,0,0,0,0,0,0
6/27/2023,AVAX,13.15323917,13.46146702,13.12625088,13.20510842,114157871.9,2023,1,7,0,0,0,0
6/28/2023,AVAX,13.20535386,13.20535386,12.1742853,12.35588582,170640369.3,2023,0,0,0,0,0,0
6/29/2023,AVAX,12.35520113,12.92483756,12.29295424,12.67775587,133351344.4,2023,1,8,0,0,0,0
6/30/2023,AVAX,12.6770908,13.30967743,12.37768461,13.0130505,252369786.3,2023,1,0,0,0,0,0
7/1/2023,AVAX,13.01363326,13.13522815,12.90446735,12.99458258,116343643.6,2023,0,9,0,0,0,0
7/2/2023,AVAX,12.99642675,13.19537311,12.75169329,13.1191435,139911155.2,2023,1,1,0,0,0,0
7/3/2023,AVAX,13.12028991,13.43104583,13.09690475,13.22352598,168312885,2023,1,0,0,0,0,0
7/4/2023,AVAX,13.22418965,13.38682541,13.04196537,13.04200502,141670542,2023,0,2,0,0,0,0
7/5/2023,AVAX,13.04340678,13.14256137,12.55741423,12.67004613,134100625.4,2023,0,1,1,0,0,0
7/6/2023,AVAX,12.67006816,13.09291674,12.30261377,12.41074457,153672696.5,2023,0,0,0,0,0,0
7/7/2023,AVAX,12.41157386,12.7411927,12.33133033,12.73998908,109676680.7,2023,1,0,0,0,0,0
7/8/2023,AVAX,12.73962742,13.84980384,12.73773693,13.66015913,285973787.8,2023,1,0,0,0,0,0
7/9/2023,AVAX,13.65977436,14.1868276,13.59684564,13.60753216,216696215.4,2023,0,1,0,0,0,0
7/10/2023,AVAX,13.60763054,13.81316193,13.24336979,13.38939098,173771956.8,2023,0,1,0,0,0,0
7/11/2023,AVAX,13.39063855,13.67273962,13.18640322,13.26040398,142550256.6,2023,0,0,0,0,0,0
7/12/2023,AVAX,13.2606062,13.33176438,12.91430267,13.02525674,120763424.9,2023,0,0,0,0,0,0
7/13/2023,AVAX,13.02446023,14.14022507,12.92921094,14.09290399,262360528.2,2023,1,0,0,0,0,0
7/14/2023,AVAX,14.0917053,15.87269937,14.0917053,14.64442556,598790025.8,2023,1,0,0,0,0,0
7/15/2023,AVAX,14.64407873,15.2877061,14.46667947,14.83453833,195367689.5,2023,1,1,0,0,0,0
7/16/2023,AVAX,14.83495703,14.91660391,14.24091197,14.28956398,136030081.5,2023,0,1,0,0,0,0
7/17/2023,AVAX,14.29046356,14.61111059,13.97084373,14.42208858,149018010.7,2023,1,2,0,0,0,0
7/18/2023,AVAX,14.41793694,14.57248366,13.70806994,13.7917745,128799916,2023,0,0,1,0,0,0
7/19/2023,AVAX,13.79372351,14.23902073,13.78088953,14.00631946,124260704.3,2023,1,3,0,0,0,0
7/20/2023,AVAX,14.0057117,14.20750313,13.7370684,13.85602164,147745162.9,2023,0,0,0,0,1,0
7/21/2023,AVAX,13.85613092,14.05537218,13.76907448,13.9839117,103167755.9,2023,1,4,0,0,0,0
7/22/2023,AVAX,13.98404143,14.0441437,13.41270216,13.50437312,100499240.5,2023,0,0,0,0,0,0
7/23/2023,AVAX,13.50656369,13.73720066,13.44616979,13.56068884,94629429.79,2023,1,5,0,0,0,0
7/24/2023,AVAX,13.55835383,13.58194623,12.92463758,13.10347175,136591562.1,2023,0,0,0,0,0,0
7/25/2023,AVAX,13.10339059,13.43550842,13.06025222,13.34578087,136662247.1,2023,1,6,0,0,0,0
7/26/2023,AVAX,13.3461234,13.44691762,13.13344212,13.26471681,124083174.2,2023,0,0,0,0,0,0
7/27/2023,AVAX,13.26537708,13.41849574,13.0656081,13.14130982,92652960.82,2023,0,7,0,0,0,0
7/28/2023,AVAX,13.14165317,13.27338244,13.03962723,13.23844914,79610076.59,2023,1,0,0,0,0,0
7/29/2023,AVAX,13.23786507,13.28839858,13.17710907,13.24644284,55023687.76,2023,1,0,0,0,0,0
7/30/2023,AVAX,13.24640613,13.40017325,13.0121395,13.12849328,93192348.41,2023,0,1,0,0,0,0
7/31/2023,AVAX,13.12839891,13.25479455,12.76609472,12.82537741,108926781.8,2023,0,1,0,0,0,0
8/1/2023,AVAX,12.82345821,12.87943358,12.54499359,12.87566442,122231868.6,2023,1,0,0,0,0,0
8/2/2023,AVAX,12.87415832,12.93873151,12.48111544,12.53736425,114062163.2,2023,0,0,0,0,0,0
8/3/2023,AVAX,12.53809672,12.62191138,12.39916067,12.44600353,115953075.9,2023,0,1,0,0,0,0
8/4/2023,AVAX,12.44504924,12.5855398,12.32256087,12.39787858,98780737.7,2023,0,0,0,0,0,0
8/5/2023,AVAX,12.3978856,12.43808831,12.28816925,12.4378112,81054019.08,2023,1,0,0,0,0,0
8/6/2023,AVAX,12.43726655,12.64151631,12.42315986,12.57241557,92679576.42,2023,1,0,0,0,0,0
8/7/2023,AVAX,12.57237412,12.72587878,12.28500148,12.44824213,113926596.4,2023,0,1,0,0,0,0
8/8/2023,AVAX,12.44786169,12.75473855,12.39429816,12.69126272,122703545.5,2023,1,1,0,0,0,0
8/9/2023,AVAX,12.69149159,12.78512637,12.52341267,12.62130043,103737727.3,2023,0,0,0,0,0,0
8/10/2023,AVAX,12.6214687,12.63921812,12.47677894,12.48097292,98396828.73,2023,0,2,0,0,0,0
8/11/2023,AVAX,12.48183299,12.5243447,12.38351773,12.44179321,82201066.03,2023,0,0,1,0,0,0
8/12/2023,AVAX,12.44196479,12.47970832,12.36347495,12.38976064,69515969.56,2023,0,0,0,0,0,0
8/13/2023,AVAX,12.38857017,12.41414898,12.24415151,12.27439848,84586348.58,2023,0,0,0,0,0,0
8/14/2023,AVAX,12.27403398,12.42974577,12.20226628,12.35368248,93500406.38,2023,1,0,0,0,0,0
8/15/2023,AVAX,12.35445384,12.35778592,11.65950741,11.80609541,109201442.6,2023,0,0,0,0,0,0
8/16/2023,AVAX,11.80607122,11.84333355,11.17741275,11.36860742,113468173.6,2023,0,1,0,0,0,0
8/17/2023,AVAX,11.36989926,11.49070496,10.13773409,10.59056116,148177479.1,2023,0,0,0,0,0,0
8/18/2023,AVAX,10.59220912,10.98418211,10.57509463,10.79948489,119700966.6,2023,1,0,0,0,0,0
8/19/2023,AVAX,10.79918011,10.87490134,10.58120774,10.80682401,90720063.93,2023,1,0,0,0,0,0
8/20/2023,AVAX,10.80732676,10.91582426,10.75777001,10.87309009,73344406.04,2023,1,1,0,0,0,0
8/21/2023,AVAX,10.87246873,10.87246873,10.29245158,10.36135606,109507460.9,2023,0,1,0,0,0,0
8/22/2023,AVAX,10.36084413,10.37095075,9.839278738,10.13079107,127247027.5,2023,0,2,0,0,0,0
8/23/2023,AVAX,10.13161763,10.45398065,10.06972591,10.33666134,94660706.65,2023,1,0,1,0,0,0
8/24/2023,AVAX,10.33661598,10.34953993,10.01364471,10.11313091,92595657.9,2023,0,0,0,0,0,0
8/25/2023,AVAX,10.11365822,10.1181635,9.914755496,10.05303204,120285068.4,2023,0,1,0,0,0,0
8/26/2023,AVAX,10.05255809,10.11706675,10.0144175,10.0917124,82673805.57,2023,1,0,0,0,0,0
8/27/2023,AVAX,10.09156718,10.26521877,10.07418081,10.19877839,100337789.4,2023,1,0,0,0,0,0
8/28/2023,AVAX,10.19872409,10.41987517,9.977069462,10.36779556,115644220.8,2023,1,1,0,0,0,0
8/29/2023,AVAX,10.36786573,11.16219495,10.34371015,10.81059652,184923910.3,2023,1,1,0,0,0,0
8/30/2023,AVAX,10.81121616,10.81763857,10.35439288,10.4116989,120489599.4,2023,0,2,0,0,0,0
8/31/2023,AVAX,10.4121276,10.52127242,9.952914114,9.987268907,141798754.8,2023,0,2,1,0,0,0
9/1/2023,AVAX,9.987107387,10.05400794,9.786644824,9.924743729,113586569,2023,0,0,1,0,0,0
9/2/2023,AVAX,9.925154974,9.955728136,9.789296432,9.911879383,92831090.87,2023,0,0,0,0,0,0
9/3/2023,AVAX,9.912371383,9.987163799,9.846725196,9.884934052,84322183.68,2023,0,0,0,0,0,0
9/4/2023,AVAX,9.88434223,10.02832627,9.722491341,9.801346141,92249995.19,2023,0,0,0,0,0,0
9/5/2023,AVAX,9.801594875,9.945378725,9.682022664,9.91453739,88563052.52,2023,1,0,0,0,0,0
9/6/2023,AVAX,9.914605379,10.03004712,9.814656246,9.938822301,89681183.94,2023,1,0,0,0,0,0
9/7/2023,AVAX,9.939714408,10.12221516,9.85780805,10.0709084,85608646.62,2023,1,1,0,0,0,0
9/8/2023,AVAX,10.07217208,10.12887787,9.879311573,9.921845439,80027272.95,2023,0,1,0,0,0,0
9/9/2023,AVAX,9.921124352,9.921124352,9.844940775,9.84569318,52604052.92,2023,0,2,0,0,0,0
9/10/2023,AVAX,9.845918263,9.850462875,9.380984166,9.474143027,106234454.2,2023,0,0,1,0,0,0
9/11/2023,AVAX,9.474239473,9.500617256,9.112984592,9.230627016,108922513.4,2023,0,0,0,0,0,0
9/12/2023,AVAX,9.230103153,9.540319518,9.215670142,9.216545525,123809300.8,2023,0,0,0,0,0,0
9/13/2023,AVAX,9.216913218,9.40088252,9.121179419,9.299893312,106423749.9,2023,1,0,0,0,0,0
9/14/2023,AVAX,9.299423763,9.452430534,9.275929392,9.395647618,97449124.54,2023,1,0,0,0,0,0
9/15/2023,AVAX,9.396166814,9.501871601,9.21339755,9.429610659,90591604.22,2023,1,1,0,0,0,0
9/16/2023,AVAX,9.429638987,9.591642613,9.380909283,9.388934137,83336169.28,2023,0,1,0,0,0,0
9/17/2023,AVAX,9.38891835,9.38891835,9.045862827,9.106959003,89319200.11,2023,0,2,0,0,0,0
9/18/2023,AVAX,9.107001558,9.309519649,8.86351005,9.113308622,130967400.7,2023,1,0,1,0,0,0
9/19/2023,AVAX,9.113628879,9.293954676,9.064877258,9.218695816,113669977.8,2023,1,0,0,0,0,0
9/20/2023,AVAX,9.21867568,9.226011978,8.925913799,9.047985086,133008251.1,2023,0,1,0,0,0,0
9/21/2023,AVAX,9.047728585,9.098311223,8.793110432,8.826977455,124242248.1,2023,0,1,0,0,0,0
9/22/2023,AVAX,8.826608649,8.91463651,8.788033659,8.863328557,96087293.35,2023,1,0,0,0,0,0
9/23/2023,AVAX,8.863270035,8.973388723,8.845315457,8.900282497,78036616.72,2023,1,0,0,0,0,0
9/24/2023,AVAX,8.900065008,9.030483807,8.779019349,8.787721932,87114578.51,2023,0,1,0,0,0,0
9/25/2023,AVAX,8.787214596,8.948413834,8.701300155,8.943991876,101722179.3,2023,1,1,0,0,0,0
9/26/2023,AVAX,8.944087351,9.046966117,8.906657809,9.043546578,94338370.46,2023,1,0,0,0,0,0
9/27/2023,AVAX,9.042773564,9.168944152,8.847347193,8.922223947,100920764.8,2023,0,2,0,0,0,0
9/28/2023,AVAX,8.922110891,9.347945267,8.912898851,9.262673285,114343600.5,2023,1,1,1,0,0,0
9/29/2023,AVAX,9.263231535,9.346908388,9.087907423,9.175294969,112441015.6,2023,0,0,0,0,0,0
9/30/2023,AVAX,9.175644336,9.286137682,9.128679971,9.243799915,81409312.66,2023,1,2,0,0,0,0
10/1/2023,AVAX,9.242928609,9.805807837,9.22564059,9.739897969,119548757.5,2023,1,0,1,0,0,0
10/2/2023,AVAX,9.740345897,9.808033633,9.237227577,9.32707964,115234647.7,2023,0,3,0,0,0,0
10/3/2023,AVAX,9.326217514,9.455167621,9.246230767,9.403885878,90799145.67,2023,1,1,0,0,1,0
10/4/2023,AVAX,9.40508288,10.19834855,9.184607384,10.09360374,200728653.6,2023,1,0,0,0,0,0
10/5/2023,AVAX,10.09507912,10.29565518,9.848623439,10.13220386,182074688.3,2023,1,2,0,0,0,0
10/6/2023,AVAX,10.13202434,10.80382105,10.13202434,10.65694796,183799430.7,2023,1,1,1,0,0,0
10/7/2023,AVAX,10.65568813,11.63523594,10.28036462,10.36314407,302644507.9,2023,0,3,0,0,0,0
10/8/2023,AVAX,10.36265014,10.52234697,10.00317486,10.09640743,123132510.4,2023,0,2,0,0,1,0
10/9/2023,AVAX,10.09651709,10.09651709,9.382507438,9.538162239,158064218.2,2023,0,0,1,0,0,0
10/10/2023,AVAX,9.537803654,9.820892337,9.453707262,9.533376125,129362925.3,2023,0,0,0,0,0,0
10/11/2023,AVAX,9.533277639,9.561269738,9.242898063,9.304060596,114999356.7,2023,0,0,0,0,0,0
10/12/2023,AVAX,9.303346704,9.307399401,8.908487586,9.117600453,118916951.6,2023,0,0,0,0,0,0
10/13/2023,AVAX,9.117471277,9.308735317,9.035423022,9.156828021,97829535.5,2023,1,0,0,0,0,0
10/14/2023,AVAX,9.156593099,9.24372682,9.143728509,9.15079335,53224237.04,2023,0,0,0,0,0,0
10/15/2023,AVAX,9.15074395,9.254611138,9.093853421,9.173214984,75965195.61,2023,1,1,0,0,0,0
10/16/2023,AVAX,9.173584855,9.730789695,9.173584855,9.422463432,132269068.6,2023,1,0,0,0,0,0
10/17/2023,AVAX,9.421534408,9.421534408,9.069447676,9.112850389,131082243.3,2023,0,2,0,0,0,0
10/18/2023,AVAX,9.112896158,9.199531893,8.865635256,8.915650567,114796729.8,2023,0,1,1,0,0,0
10/19/2023,AVAX,8.915418442,9.087484537,8.717545815,9.065719115,120961088.9,2023,1,0,0,0,0,0
10/20/2023,AVAX,9.065312184,9.369835659,9.038393525,9.221671752,143258749.4,2023,1,0,0,0,0,0
10/21/2023,AVAX,9.220747447,9.789893631,9.195016012,9.63925401,172829843.8,2023,1,1,0,0,0,0
10/22/2023,AVAX,9.639972679,10.06345889,9.567420106,10.06345889,196664824.5,2023,1,1,0,0,0,0
10/23/2023,AVAX,10.06164745,10.62703997,9.90204557,10.5653094,314309003.3,2023,1,2,0,0,0,0
10/24/2023,AVAX,10.56650557,10.77965224,10.14249663,10.31480738,319493521.4,2023,0,2,1,0,0,0
10/25/2023,AVAX,10.31644445,10.6178317,10.20535823,10.51002858,233131160.9,2023,1,3,1,0,0,0
10/26/2023,AVAX,10.51231105,11.42867803,10.43045437,11.0528532,412832401,2023,1,0,0,0,1,0
10/27/2023,AVAX,11.05329082,11.05444282,10.4389305,10.5988118,221756572,2023,0,4,0,0,0,0
10/28/2023,AVAX,10.59812098,11.04554427,10.57365574,10.97305639,182810994,2023,1,1,0,0,0,0
10/29/2023,AVAX,10.97346576,11.42434912,10.81759507,11.3613874,168871435.8,2023,1,0,0,0,0,0
10/30/2023,AVAX,11.36221736,11.67316698,11.08947237,11.452512,191351191.5,2023,1,2,0,0,0,0
10/31/2023,AVAX,11.45430273,11.73885267,11.14032438,11.32440175,272866210.7,2023,0,1,1,0,0,0
11/1/2023,AVAX,11.3248257,12.29473175,10.93268639,12.20915145,350918838.5,2023,1,3,0,0,0,0
11/2/2023,AVAX,12.21141141,12.50805548,11.54380568,11.88912456,309909400.8,2023,0,0,0,0,1,0
11/3/2023,AVAX,11.88907463,12.17474186,11.51038237,12.11117096,201311407,2023,1,4,0,0,0,0
11/4/2023,AVAX,12.11100176,12.31891242,11.96942283,12.21777267,141347217.6,2023,1,0,0,0,0,0
11/5/2023,AVAX,12.21810843,12.64198783,12.14424766,12.36669381,207720703.1,2023,1,5,0,0,0,0
11/6/2023,AVAX,12.36637175,13.14193632,12.28510766,13.08121296,240896568.6,2023,1,1,0,0,0,0
11/7/2023,AVAX,13.07946506,13.07946506,12.36017261,12.82353951,245856300.1,2023,0,6,0,0,0,0
11/8/2023,AVAX,12.82282238,13.12697791,12.70619323,13.02196105,209458240.2,2023,1,2,0,0,0,0
11/9/2023,AVAX,13.01959479,13.93626995,12.38066658,12.97237583,465665898.8,2023,0,0,1,0,0,0
11/10/2023,AVAX,12.97220648,14.8102504,12.93430204,14.74855023,582521599.4,2023,1,3,0,0,0,0
11/11/2023,AVAX,14.74807242,16.95051508,14.04843458,16.78807289,877647789.4,2023,1,0,0,0,1,0
11/12/2023,AVAX,16.78999997,19.62836682,16.13171216,18.84596612,1187221783,2023,1,4,0,0,0,0
11/13/2023,AVAX,18.85940061,19.55293806,16.21993338,16.21993338,809097301.8,2023,0,1,0,0,0,0
11/14/2023,AVAX,16.21824687,18.02857424,15.76519283,17.09094556,862325580.9,2023,1,5,0,0,0,0
11/15/2023,AVAX,17.09183226,20.91600841,17.06066961,20.73465294,1452314993,2023,1,0,0,0,0,0
11/16/2023,AVAX,20.73490105,23.9519134,20.31156535,21.76090191,1969218240,2023,1,6,0,0,0,0
11/17/2023,AVAX,21.76676622,24.54418937,20.17572504,21.94082409,1766426717,2023,1,1,0,0,0,0
11/18/2023,AVAX,21.94016527,22.67677689,20.30857985,21.99535095,796404079.6,2023,1,7,0,0,0,0
11/19/2023,AVAX,21.9968011,22.99551519,20.84835978,22.85964603,702412365.6,2023,1,2,0,0,0,0
11/20/2023,AVAX,22.86299195,23.17861155,20.78875616,20.86159893,724407341.2,2023,0,8,1,0,0,0
11/21/2023,AVAX,20.86111524,22.17806034,19.02836608,19.04480839,1103057165,2023,0,3,0,0,0,0
11/22/2023,AVAX,19.04772976,21.20922604,19.02922172,20.79675907,665175025.5,2023,1,0,0,0,1,0
11/23/2023,AVAX,20.79519234,21.44793008,20.49859331,20.67244972,403440858.3,2023,0,0,0,0,0,0
11/24/2023,AVAX,20.67042384,21.82635475,20.49096171,20.88572786,488485749.5,2023,1,1,0,0,0,0
11/25/2023,AVAX,20.88666851,21.45502344,20.69391016,21.32732261,301827798.5,2023,1,0,0,0,0,0
11/26/2023,AVAX,21.32450642,21.46728662,20.34999164,21.11045815,375491357,2023,0,2,0,0,0,0
11/27/2023,AVAX,21.10553017,21.26652474,19.9034121,20.35875379,385908219.2,2023,0,1,1,0,0,0
11/28/2023,AVAX,20.3586708,20.84035736,19.59512384,20.65362706,409866597.6,2023,1,0,0,0,0,0
11/29/2023,AVAX,20.65672612,21.53805177,20.58281425,21.08641388,490900529,2023,1,0,0,0,0,0
11/30/2023,AVAX,21.08850566,21.4803146,20.86958475,21.38686133,389076494.1,2023,1,1,0,0,0,0
12/1/2023,AVAX,21.38730134,22.56871414,21.15348771,21.8613732,564612277.2,2023,1,1,0,0,0,0
12/2/2023,AVAX,21.86138561,22.36395411,21.78599662,22.2410726,330816326.6,2023,1,2,0,0,0,0
12/3/2023,AVAX,22.24109087,22.69789967,21.64945023,21.96865812,363213096.2,2023,0,2,1,0,0,0
12/4/2023,AVAX,21.96760233,23.17319335,21.30947713,22.63271881,692986139.6,2023,1,3,1,0,0,0
12/5/2023,AVAX,22.63799099,24.67428036,21.86540312,24.48477331,815582252.7,2023,1,0,0,0,1,0
12/6/2023,AVAX,24.48279343,27.55556578,24.48279343,26.21749115,1460209508,2023,1,4,0,0,0,0
12/7/2023,AVAX,26.22524791,27.76990931,25.82659321,26.3037246,1020594712,2023,1,1,0,0,0,0
12/8/2023,AVAX,26.30324196,30.70288649,26.10856658,30.63680865,1198193714,2023,1,5,0,0,0,0
12/9/2023,AVAX,30.62762383,34.11873035,30.50362114,31.81772541,1781367115,2023,1,2,0,0,0,0
12/10/2023,AVAX,31.82539191,37.74287121,31.64932843,37.07502877,1655716991,2023,1,6,1,0,0,0
12/11/2023,AVAX,37.08013821,39.29687904,33.71690864,38.13990477,3273088459,2023,1,3,0,0,0,0
12/12/2023,AVAX,38.13610634,42.75495671,36.08676524,37.43091211,2639559669,2023,0,7,0,0,1,0
12/13/2023,AVAX,37.43292616,41.27977241,34.27824541,39.0537683,2490212384,2023,1,4,0,0,0,0
12/14/2023,AVAX,39.04535981,40.2808422,37.60223293,39.30565848,1571510677,2023,1,0,0,0,0,0
12/15/2023,AVAX,39.30233406,42.02362795,38.64199238,39.81211199,1987675065,2023,1,5,0,0,0,0
12/16/2023,AVAX,39.80160075,45.20424998,38.72701198,42.0819075,2062984465,2023,1,1,0,0,0,0
12/17/2023,AVAX,42.08854698,43.86850448,40.44012893,40.66232278,1267591263,2023,0,6,0,0,0,0
12/18/2023,AVAX,40.65173062,41.28627304,36.73610155,41.06120315,1569013140,2023,1,2,0,0,0,0
12/19/2023,AVAX,41.0599085,41.94941422,38.85555774,39.82133307,1162110260,2023,0,0,1,0,0,0
12/20/2023,AVAX,39.81120277,44.43491024,39.2480954,43.42634027,1501900736,2023,1,3,0,0,0,0
12/21/2023,AVAX,43.42608459,46.81656932,43.15488743,45.96164201,1804875169,2023,1,0,0,0,1,0
12/22/2023,AVAX,45.96059998,48.7182426,43.86941278,45.44339545,1716677537,2023,0,4,0,0,0,0
12/23/2023,AVAX,45.44181413,48.17335584,43.66390656,48.06705998,1256731782,2023,1,1,0,0,0,0
12/24/2023,AVAX,48.05662994,49.65569269,46.6076183,47.71123965,1711488144,2023,0,0,0,0,0,0
12/25/2023,AVAX,47.71583989,48.819452,46.11512993,48.34520504,1173301947,2023,1,2,0,0,0,0
12/26/2023,AVAX,48.32989619,48.32989619,42.77636837,44.42602854,1272282582,2023,0,0,1,0,0,0
12/27/2023,AVAX,44.42654343,44.86298406,42.04249544,42.41041735,1041221252,2023,0,3,0,0,0,0
12/28/2023,AVAX,42.41714998,43.31593285,39.35506272,39.90686733,1132807530,2023,0,0,0,0,1,0
12/29/2023,AVAX,39.90666257,42.1028472,38.81035223,40.21108659,1101215880,2023,1,0,0,0,0,0
12/30/2023,AVAX,40.20987639,40.32802188,38.29671676,39.39484623,594951003.8,2023,0,0,0,0,0,0
12/31/2023,AVAX,39.39030191,40.4631331,38.26905299,38.54491168,578258572.7,2023,0,1,0,0,0,0
1/1/2024,AVAX,38.55866908,41.98056828,38.17139879,41.86446152,671490412.8,2024,1,0,0,0,0,0
1/2/2024,AVAX,41.86973449,43.39170363,40.46870029,40.64521169,869881310.6,2024,0,0,0,0,0,0
1/3/2024,AVAX,40.64593026,41.40471646,34.12448334,36.79527542,1364836993,2024,0,1,0,0,0,0
1/4/2024,AVAX,36.79512828,39.35528943,36.3021764,38.7378343,837720647.5,2024,1,0,0,0,0,0
1/5/2024,AVAX,38.73728463,38.90220246,35.23831155,36.43484844,806375166,2024,0,0,0,0,0,0
1/6/2024,AVAX,36.43449813,36.46504914,33.64159516,34.6241796,588059110.8,2024,0,1,0,0,0,0
1/7/2024,AVAX,34.62958483,35.71301325,33.28334785,33.6296541,626766433,2024,0,0,0,0,0,0
1/8/2024,AVAX,33.63080986,36.36847697,31.4807955,36.08260633,1051954159,2024,1,0,0,0,0,0
1/9/2024,AVAX,36.08619829,37.54158218,33.8652103,34.69501338,964444462,2024,0,0,0,0,0,0
1/10/2024,AVAX,34.68918857,39.45473755,33.53670542,38.47239099,1016992295,2024,1,1,0,0,0,0
1/11/2024,AVAX,38.4789447,41.62960313,37.64054746,39.44577777,1199348855,2024,1,0,0,0,0,0
1/12/2024,AVAX,39.40984382,39.51717853,35.04477994,35.87169603,838949725.7,2024,0,2,0,0,0,0
1/13/2024,AVAX,35.86818507,36.59554516,34.86716982,36.45083921,508938995.9,2024,1,1,1,0,0,0
1/14/2024,AVAX,36.45020105,37.78963994,35.33651434,35.3379962,612422802,2024,0,0,0,0,0,0
1/15/2024,AVAX,35.33125813,36.73755419,35.22887848,35.66428589,467302330.6,2024,1,2,0,0,0,0
1/16/2024,AVAX,35.65319456,36.49811309,34.85787525,35.59072573,480326504.8,2024,0,0,1,0,0,0
1/17/2024,AVAX,35.58462175,36.43471714,35.33757511,36.00657519,542915389,2024,1,3,0,0,0,0
1/18/2024,AVAX,36.0103108,36.07768077,32.92153389,33.52815403,565920716.8,2024,0,0,0,0,1,0
1/19/2024,AVAX,33.53049979,33.68983869,31.31074853,32.64300114,541126327.8,2024,0,4,0,0,0,0
1/20/2024,AVAX,32.64551547,32.92415201,32.04904529,32.80842494,335959594.1,2024,1,0,0,0,0,0
1/21/2024,AVAX,32.81383207,33.43380544,32.47304378,32.47304378,323246887.5,2024,0,0,0,0,0,0
1/22/2024,AVAX,32.48581334,32.65677494,29.42544725,29.4830929,625350714.2,2024,0,1,0,0,0,0
1/23/2024,AVAX,29.48297333,30.59928626,27.37829259,30.59178345,785003145.8,2024,1,0,0,0,0,0
1/24/2024,AVAX,30.59920766,31.85946596,29.51006811,31.21786648,644903092.9,2024,1,0,0,0,0,0
1/25/2024,AVAX,31.21673151,31.32682223,29.65716766,30.48063865,421239727.7,2024,0,1,0,0,0,0
1/26/2024,AVAX,30.48351254,33.01654346,30.16440863,32.27981863,539176076.8,2024,1,1,0,0,0,0
1/27/2024,AVAX,32.27614465,33.2649049,31.91298892,33.26196246,336041589.9,2024,1,0,0,0,0,0
1/28/2024,AVAX,33.2673157,36.62936488,33.26684944,34.79377511,966178089.7,2024,1,2,0,0,0,0
1/29/2024,AVAX,34.7994591,36.46578493,34.41420711,36.07376763,693709648.7,2024,1,1,1,0,0,0
1/30/2024,AVAX,36.07376763,37.09964385,35.08681944,35.14477991,681955940.5,2024,0,3,0,0,0,0
1/31/2024,AVAX,35.15542093,35.46770649,33.13990267,33.1619008,581078929.2,2024,0,2,0,0,1,0
2/1/2024,AVAX,33.16287823,33.90343476,32.34072787,33.82854147,476844021.7,2024,1,0,1,0,0,0
2/2/2024,AVAX,33.8297824,36.84721234,33.82262073,36.70791543,721421678.2,2024,1,0,0,0,0,0
2/3/2024,AVAX,36.71205979,37.52816072,35.44592566,35.91640163,463062302.6,2024,0,1,0,0,0,0
2/4/2024,AVAX,35.92221706,36.49410324,34.83822867,34.84499425,374440908.6,2024,0,1,0,0,0,0
2/5/2024,AVAX,34.8446667,35.84908294,34.15762918,34.50077382,430466400.2,2024,0,0,0,0,0,0
2/6/2024,AVAX,34.49977132,34.6827348,33.80533283,34.14146928,371504176.1,2024,0,0,0,0,0,0
2/7/2024,AVAX,34.14087171,35.47366833,33.74294895,35.27924785,434703122.2,2024,1,0,0,0,0,0
2/8/2024,AVAX,35.27921283,36.10142514,35.12441231,35.4277646,465036664.8,2024,1,0,0,0,0,0
2/9/2024,AVAX,35.42782642,38.5532989,35.42193869,38.01095861,734324525.7,2024,1,1,0,0,0,0
2/10/2024,AVAX,38.00907966,41.09951762,38.00907966,40.28831731,716869744.8,2024,1,1,0,0,0,0
2/11/2024,AVAX,40.27340504,41.15260028,39.44087287,39.7322684,506846338.7,2024,0,2,0,0,0,0
2/12/2024,AVAX,39.73163578,41.08818743,38.45000978,41.08818743,790355102.7,2024,1,2,1,0,0,0
2/13/2024,AVAX,41.08096923,41.63744302,38.92075463,39.76535107,707780904.8,2024,0,0,1,0,0,0
2/14/2024,AVAX,39.76451742,42.4125784,39.19460902,42.26839056,792191830.9,2024,1,3,0,0,0,0
2/15/2024,AVAX,42.26705795,43.49173067,41.05422931,41.59600341,822570663.1,2024,0,0,0,0,1,0
2/16/2024,AVAX,41.59409642,41.79586667,39.71167885,40.31213086,569724887.7,2024,0,4,0,0,0,0
2/17/2024,AVAX,40.3100448,40.43075165,38.5097183,39.76248893,449295833.2,2024,0,0,0,0,0,0
2/18/2024,AVAX,39.7635939,40.72416489,39.06589877,40.25466315,426847219,2024,1,0,0,0,0,0
2/19/2024,AVAX,40.25530478,40.59480643,39.23914618,39.48223415,583708516,2024,0,0,0,0,0,0
2/20/2024,AVAX,39.48370792,39.66445081,37.0642237,38.52740371,665731630.9,2024,0,1,0,0,0,0
2/21/2024,AVAX,38.52565164,38.53395088,36.01556559,37.63543798,522409643.4,2024,0,0,0,0,0,0
2/22/2024,AVAX,37.63346611,38.1651045,36.58136314,36.75072639,457923442.1,2024,0,0,0,0,0,0
2/23/2024,AVAX,36.746184,36.90663551,35.26153249,35.92631803,474695415.6,2024,0,0,0,0,0,0
2/24/2024,AVAX,35.92593345,36.92684942,35.23572952,36.73804531,348541912.1,2024,1,0,0,0,0,0
2/25/2024,AVAX,36.73904845,37.46475381,36.517029,37.44996991,348630080.8,2024,1,0,0,0,0,0
2/26/2024,AVAX,37.45346955,39.34660264,36.34848048,39.33619061,556405127.4,2024,1,1,0,0,0,0
2/27/2024,AVAX,39.33588335,39.93532053,38.53913412,39.26864604,507254828.6,2024,0,1,0,0,0,0
2/28/2024,AVAX,39.26774194,41.20718648,37.50344856,40.29478727,978077516.9,2024,1,2,0,0,0,0
2/29/2024,AVAX,40.29948924,44.59195084,39.76600076,40.93538743,1053380461,2024,1,0,1,0,0,0
3/1/2024,AVAX,40.92544115,43.28887717,40.92544115,42.85532714,649269967.3,2024,1,3,0,0,0,0
3/2/2024,AVAX,42.84875305,44.51708518,42.13770944,44.33390733,696365707.7,2024,1,1,0,0,1,0
3/3/2024,AVAX,44.36484596,44.88860968,41.51360459,42.6048577,618511855.4,2024,0,4,0,0,0,0
3/4/2024,AVAX,42.60778355,43.9627507,41.55811745,43.08823662,832140642.2,2024,1,2,0,0,0,0
3/5/2024,AVAX,43.09068486,44.85717982,35.19068786,39.50013558,1599003513,2024,0,0,1,0,0,0
3/6/2024,AVAX,39.50085397,42.13112632,37.99665404,41.51433371,750303597.4,2024,1,3,0,0,0,0
3/7/2024,AVAX,41.51433371,44.49676649,41.51291722,43.29000414,881639512.9,2024,1,0,0,0,1,0
3/8/2024,AVAX,43.2911302,43.98072728,41.27601427,42.74036505,693557708.8,2024,0,4,0,0,0,0
3/9/2024,AVAX,42.74036505,43.59053484,42.49343921,43.00033627,430944939.7,2024,1,1,0,0,0,0
3/10/2024,AVAX,43.00034922,43.95961813,41.02603039,42.05271173,496784830.5,2024,0,0,0,0,0,0
3/11/2024,AVAX,42.05349388,49.32368982,40.65077864,49.00723408,1729844746,2024,1,2,0,0,0,0
3/12/2024,AVAX,49.00715081,57.2995253,46.59808371,55.59136761,2700412078,2024,1,0,1,0,0,0
3/13/2024,AVAX,55.59136761,55.61572031,52.53631641,54.94824471,1263536738,2024,0,3,0,0,0,0
3/14/2024,AVAX,54.94715916,59.06573221,50.79115418,54.05937031,1860444499,2024,0,1,0,0,1,0
3/15/2024,AVAX,54.05937031,58.60058263,49.0316016,58.48988914,2858368931,2024,1,0,0,0,0,0
3/16/2024,AVAX,58.48988914,61.3482358,52.13937443,53.49980703,2266775404,2024,0,0,0,0,0,0
3/17/2024,AVAX,53.49849078,58.32952469,50.31002722,58.11581263,1531363097,2024,1,1,0,0,0,0
3/18/2024,AVAX,58.11303291,65.25045191,55.45546237,60.68994379,3107201148,2024,1,0,0,0,0,0
3/19/2024,AVAX,60.68994379,61.7707636,53.21659572,53.52589448,3043324575,2024,0,2,0,0,0,0
3/20/2024,AVAX,53.52589448,58.02031805,50.54281097,57.03071757,2192493076,2024,1,1,1,0,0,0
3/21/2024,AVAX,57.03071757,57.64848499,52.83373378,53.86556767,1155827899,2024,0,0,0,0,0,0
3/22/2024,AVAX,53.86562545,57.49156851,51.74052956,53.26706553,1355173584,2024,0,2,0,0,0,0
3/23/2024,AVAX,53.27795857,55.85827038,52.76692169,53.41235615,718419188.5,2024,1,0,1,0,0,0
3/24/2024,AVAX,53.41235615,55.79951152,52.52367304,55.66419558,580230389,2024,1,0,0,0,0,0
3/25/2024,AVAX,55.66429187,59.18506418,54.98977936,57.82333168,962007743.4,2024,1,1,0,0,0,0
3/26/2024,AVAX,57.82259869,59.25717933,55.44722599,55.81808677,907482590.1,2024,0,1,0,0,0,0
3/27/2024,AVAX,55.81808677,56.70896684,53.2130089,54.1146293,860804975.6,2024,0,2,0,0,0,0
3/28/2024,AVAX,54.11201746,55.01533712,53.23323173,54.62188264,484017125.5,2024,1,0,1,0,0,0
3/29/2024,AVAX,54.62188264,54.63026114,52.60022964,53.40623747,454703288.3,2024,0,0,0,0,0,0
3/30/2024,AVAX,53.40623747,54.60572727,52.8573563,53.00242849,370817942.6,2024,0,1,0,0,0,0
3/31/2024,AVAX,53.00242849,54.24649663,52.93835298,54.11042885,343450748.3,2024,1,0,0,0,0,0
4/1/2024,AVAX,54.11049486,54.13008884,50.37531666,51.45050184,779113610.6,2024,0,0,0,0,0,0
4/2/2024,AVAX,51.4503648,51.45104127,46.35421924,46.82025485,805544255.6,2024,0,1,0,0,0,0
4/3/2024,AVAX,46.82068964,48.28740405,45.03560836,45.94569639,585412701.3,2024,0,0,0,0,0,0
4/4/2024,AVAX,45.94569639,48.13773151,45.53572262,46.50692779,459366516.2,2024,1,0,0,0,0,0
4/5/2024,AVAX,46.50601754,46.56769552,44.05416235,45.38042295,447464945.3,2024,0,0,0,0,0,0
4/6/2024,AVAX,45.38042295,48.71716704,45.13578145,48.19574082,508811239.6,2024,1,1,0,0,0,0
4/7/2024,AVAX,48.19574082,49.42846189,47.94411928,49.38721111,328806119.9,2024,1,0,0,0,0,0
4/8/2024,AVAX,49.38671073,50.75939113,48.3398446,49.88356626,488704448.5,2024,1,2,0,0,0,0
4/9/2024,AVAX,49.88357487,49.94405824,46.39487681,46.47019405,437892499.8,2024,0,1,1,0,0,0
4/10/2024,AVAX,46.47047977,47.96779327,45.67494831,47.31169697,530754231,2024,1,3,0,0,0,0
4/11/2024,AVAX,47.31169697,47.48218293,45.67946572,46.05759915,371204368.9,2024,0,0,0,0,1,0
4/12/2024,AVAX,46.05715791,46.87061432,36.22536588,39.41774235,966043351.4,2024,0,4,0,0,0,0
4/13/2024,AVAX,39.41790909,39.4181141,29.72707627,34.07841048,1507323529,2024,0,0,0,0,0,0
4/14/2024,AVAX,34.07841048,37.89003539,32.78952091,37.31644314,1185559416,2024,1,0,0,0,0,0
4/15/2024,AVAX,37.31644314,38.53345962,34.28710649,35.15720327,931818442.3,2024,0,0,0,0,0,0
4/16/2024,AVAX,35.15630772,35.86565532,32.79377027,34.76621792,697719424.3,2024,0,1,0,0,0,0
4/17/2024,AVAX,34.76619488,35.3210634,32.34681729,33.54623832,603455738.6,2024,0,0,0,0,0,0
4/18/2024,AVAX,33.5467647,35.54486959,32.87319056,34.85084383,561597709.5,2024,1,0,0,0,0,0
4/19/2024,AVAX,34.85084383,35.98931959,32.00909057,34.72248044,630681834.2,2024,0,0,0,0,0,0
4/20/2024,AVAX,34.72248044,38.4890624,34.22211876,38.30105539,432114532.2,2024,1,1,0,0,0,0
4/21/2024,AVAX,38.30105539,38.67535656,36.50160784,37.11705215,351138122,2024,0,0,0,0,0,0
4/22/2024,AVAX,37.1167741,39.68306538,36.87324219,39.22599424,478316447.2,2024,1,2,0,0,0,0
4/23/2024,AVAX,39.22599424,39.83196403,38.02662699,38.28661019,352913077.1,2024,0,0,1,0,0,0
4/24/2024,AVAX,38.28659645,39.79510987,36.05590864,36.36818551,500406289.8,2024,0,3,0,0,0,0
4/25/2024,AVAX,36.36939923,36.69063918,34.75081813,35.58365425,411675388.5,2024,0,0,0,0,1,0
4/26/2024,AVAX,35.58365425,35.8078581,34.32506351,34.40515908,327221440.8,2024,0,0,0,0,0,0
4/27/2024,AVAX,34.40515908,35.06886531,33.31161223,34.43024769,331491157.4,2024,1,0,0,0,0,0
4/28/2024,AVAX,34.43024769,35.33513436,33.84305795,33.93898232,244157564.2,2024,0,0,0,0,0,0
4/29/2024,AVAX,33.93898232,35.78110385,32.91305893,35.36425355,442995633.6,2024,1,1,0,0,0,0
4/30/2024,AVAX,35.35856084,35.65205618,31.9890293,32.70642376,518107123.2,2024,0,0,0,0,0,0
5/1/2024,AVAX,32.70642376,33.8548569,30.68022827,33.2881002,620506676.3,2024,1,2,0,0,0,0
5/2/2024,AVAX,33.2881002,34.08602517,32.31461779,33.61256279,352653460.8,2024,1,0,1,0,0,0
5/3/2024,AVAX,33.61269793,35.86737768,33.36704081,35.58489523,314837755.1,2024,1,3,0,0,0,0
5/4/2024,AVAX,35.58476985,37.61781175,35.25322603,37.36183041,376360200.2,2024,1,1,0,0,1,0
5/5/2024,AVAX,37.36183041,37.93486867,36.71491519,37.40194135,338713060.7,2024,1,4,0,0,0,0
5/6/2024,AVAX,37.40188296,39.76741503,36.8858367,37.13836062,552983720,2024,0,2,0,0,0,0
5/7/2024,AVAX,37.13836062,37.57884367,35.33201524,35.34173134,369709353.3,2024,0,5,1,0,0,0
5/8/2024,AVAX,35.34173134,35.4895859,33.69520495,34.0472,408813424.9,2024,0,0,0,0,0,0
5/9/2024,AVAX,34.0472,35.35547726,33.77985981,35.08065454,314300331,2024,1,0,0,0,0,0
5/10/2024,AVAX,35.08065454,36.08312181,33.25651882,33.71251692,394839671.4,2024,0,0,0,0,0,0
5/11/2024,AVAX,33.71253395,33.9771285,33.13147026,33.47914747,226017886,2024,0,1,0,0,0,0
5/12/2024,AVAX,33.47913944,33.96599787,32.93456222,33.16724182,160171039.1,2024,0,0,0,0,0,0
5/13/2024,AVAX,33.16724182,33.76101618,31.97885653,32.42172093,377640763.6,2024,0,0,0,0,0,0
5/14/2024,AVAX,32.42172093,33.14076061,31.505331,31.56851085,414009521.9,2024,0,0,0,0,0,0
5/15/2024,AVAX,31.56851085,34.75374359,31.39702326,34.67960816,493195940.6,2024,1,0,0,0,0,0
5/16/2024,AVAX,34.67978352,35.00104757,33.79062098,34.46154119,363745936,2024,0,0,0,0,0,0
5/17/2024,AVAX,34.46154119,37.53593995,34.29845562,36.42348266,503901273.5,2024,1,1,0,0,0,0
5/18/2024,AVAX,36.42348266,37.62953191,36.39565956,37.26831192,312377541,2024,1,0,0,0,0,0
5/19/2024,AVAX,37.2683338,37.72692041,35.43242416,35.62182888,308506372.6,2024,0,2,0,0,0,0
5/20/2024,AVAX,35.62182888,40.2156779,35.23841537,40.13942064,665621113.5,2024,1,1,1,0,0,0
5/21/2024,AVAX,40.13881203,41.31554079,39.73444116,41.16374303,775228483.6,2024,1,0,0,0,0,0
5/22/2024,AVAX,41.16374061,41.68887101,39.33248333,39.99242725,569900148.6,2024,0,2,0,0,0,0
5/23/2024,AVAX,39.99242725,40.39580116,36.72113947,38.50854621,738657008.9,2024,0,1,1,0,0,0
5/24/2024,AVAX,38.50854621,38.94702397,36.99855913,37.99346752,387867840.6,2024,0,0,0,0,0,0
5/25/2024,AVAX,37.99354469,38.68832215,37.77306002,38.28778337,231452356.5,2024,1,0,0,0,0,0
5/26/2024,AVAX,38.28780503,38.28920775,36.51889874,36.75204343,246541311.8,2024,0,0,0,0,0,0
5/27/2024,AVAX,36.75204343,38.86856325,36.68792023,38.23431802,369526477.6,2024,1,1,0,0,0,0
5/28/2024,AVAX,38.23431802,38.33227643,36.56013176,36.99539618,499550167.8,2024,0,0,0,0,0,0
5/29/2024,AVAX,36.99539618,37.41985951,36.1272067,36.13692258,386815665.4,2024,0,2,0,0,0,0
5/30/2024,AVAX,36.13692427,37.05754511,35.3328249,35.98757675,400927204.9,2024,0,0,1,0,0,0
5/31/2024,AVAX,35.98757675,36.73426952,35.21924417,36.0558639,304849132.6,2024,1,0,0,0,0,0
6/1/2024,AVAX,36.05585327,36.18375247,35.69513148,35.76011439,153306282,2024,0,0,0,0,0,0
6/2/2024,AVAX,35.76012628,36.12911906,34.7851516,34.93249046,242436677.6,2024,0,1,0,0,0,0
6/3/2024,AVAX,34.93251117,36.23769138,34.62831416,35.04046844,367614939.1,2024,1,0,0,0,0,0
6/4/2024,AVAX,35.04046844,36.22901699,34.57197704,36.07328843,331619264.9,2024,1,0,0,0,0,0
6/5/2024,AVAX,36.07328843,36.87636679,35.98094853,36.52158856,338905421.3,2024,1,1,0,0,0,0
6/6/2024,AVAX,36.52189492,37.14363696,35.78006964,35.91181693,288389895.4,2024,0,1,0,0,0,0
6/7/2024,AVAX,35.91181903,36.82638704,31.6257359,33.50778909,639619594.9,2024,0,2,0,0,0,0
6/8/2024,AVAX,33.50664978,33.6950165,31.9956757,32.29003002,283275580.9,2024,0,0,1,0,0,0
6/9/2024,AVAX,32.29042104,33.00009936,32.09587467,32.96836807,225586790.1,2024,1,0,0,0,0,0
6/10/2024,AVAX,32.96840218,33.42794734,32.06824603,32.27422884,339010384.8,2024,0,0,0,0,0,0
6/11/2024,AVAX,32.27455032,32.35134428,30.66936191,31.54147609,431914740.1,2024,0,1,0,0,0,0
6/12/2024,AVAX,31.54153519,33.9482928,30.86946512,33.27341135,393798585.5,2024,1,0,0,0,0,0
6/13/2024,AVAX,33.27122353,33.3905057,30.94081607,30.98321476,288165398.9,2024,0,0,0,0,0,0
6/14/2024,AVAX,30.98141384,32.06368609,29.3127301,30.29103811,375634359.2,2024,0,1,0,0,0,0
6/15/2024,AVAX,30.2894948,30.60583429,29.93778219,29.98753837,160233357.3,2024,0,0,0,0,0,0
6/16/2024,AVAX,29.98856413,30.43521771,29.67672317,30.03886904,183019542,2024,1,0,0,0,0,0
6/17/2024,AVAX,30.04244337,30.30740502,27.42551307,28.48015446,322647280.7,2024,0,0,0,0,0,0
6/18/2024,AVAX,28.47616364,28.49412487,25.38299944,26.61886386,449168310,2024,0,1,0,0,0,0
6/19/2024,AVAX,26.61778248,27.58913107,26.42009737,26.89194065,214897798,2024,1,0,0,0,0,0
6/20/2024,AVAX,26.89194065,28.84513632,26.71743799,27.54440825,295674925.8,2024,1,0,0,0,0,0
6/21/2024,AVAX,27.54388503,27.984088,26.9767514,27.45043876,229113420.8,2024,0,1,0,0,0,0
6/22/2024,AVAX,27.44989278,27.46879992,24.67150994,25.61731541,568500433.7,2024,0,1,0,0,0,0
6/23/2024,AVAX,25.61616481,25.97177143,24.19581207,25.05120169,388408327.3,2024,0,0,0,0,0,0
6/24/2024,AVAX,25.05338767,25.17954704,23.64946398,24.83131648,451738262,2024,0,0,0,0,0,0
6/25/2024,AVAX,24.8305243,25.72477485,24.63002334,25.39945056,240499665.7,2024,1,0,0,0,0,0
6/26/2024,AVAX,25.39848991,26.60262903,25.30947096,25.80359929,341321540.6,2024,1,0,0,0,0,0
6/27/2024,AVAX,25.80181294,28.29124423,25.36954134,27.89529806,359682497.6,2024,1,1,0,0,0,0
6/28/2024,AVAX,27.89444142,28.92996838,27.69350515,27.89578659,328243749.3,2024,1,1,0,0,0,0
6/29/2024,AVAX,27.89761848,28.58929201,27.57950115,27.72550713,191296681.1,2024,0,2,0,0,0,0
6/30/2024,AVAX,27.72542135,29.44889381,27.41143045,29.36087597,255192412.1,2024,1,2,1,0,0,0
7/1/2024,AVAX,29.35049564,30.02854381,28.81613684,28.81613684,296949143.6,2024,0,0,1,0,0,0
7/2/2024,AVAX,28.81500291,28.85021632,28.08168928,28.64264266,250229605.5,2024,0,3,0,0,0,0
7/3/2024,AVAX,28.64230638,28.90276409,26.44753204,26.49129623,340094711.7,2024,0,0,0,0,1,0
7/4/2024,AVAX,26.48984282,26.63045811,24.39084585,24.44641549,534573188.9,2024,0,0,0,0,0,0
7/5/2024,AVAX,24.4359056,25.4077273,22.12565871,25.13441924,610525788.8,2024,1,0,0,0,0,0
7/6/2024,AVAX,25.12945941,27.56656003,24.9748412,27.44342577,251584025.4,2024,1,0,0,0,0,0
7/7/2024,AVAX,27.44013833,27.45335158,25.51751737,25.70513034,246740618.8,2024,0,1,0,0,0,0
7/8/2024,AVAX,25.71527504,27.15577455,24.66649827,25.22218671,457966073.1,2024,0,1,0,0,0,0
7/9/2024,AVAX,25.21994715,26.46960882,24.77920977,26.42160148,349286750.8,2024,1,0,0,0,0,0
7/10/2024,AVAX,26.42434383,27.37623565,25.65686794,25.76766552,255672807.4,2024,0,0,0,0,0,0
7/11/2024,AVAX,25.76732917,26.31491667,25.08489003,25.22551885,302646280.4,2024,0,1,0,0,0,0
7/12/2024,AVAX,25.222851,26.07348237,24.88036493,25.97435351,245057055.9,2024,1,0,0,0,0,0
7/13/2024,AVAX,25.9736133,26.29673547,25.57195525,25.87324509,263193766.5,2024,0,0,0,0,0,0
7/14/2024,AVAX,25.87187371,26.63951889,25.65995247,26.36935798,251852910.1,2024,1,1,0,0,0,0
7/15/2024,AVAX,26.37639307,27.87471651,26.31837635,27.85492757,358080889.3,2024,1,0,0,0,0,0
7/16/2024,AVAX,27.84910453,29.2077476,26.53685277,28.03032949,474045817,2024,1,2,0,0,0,0
7/17/2024,AVAX,28.03105868,28.99569037,27.25325422,27.25325422,364404918,2024,0,1,1,0,0,0
7/18/2024,AVAX,27.25187654,27.91197225,26.71188863,27.13829717,270954779.7,2024,0,3,0,0,0,0
7/19/2024,AVAX,27.13728952,28.40957906,26.70750846,28.1879938,337996220.1,2024,1,0,0,0,1,0
7/20/2024,AVAX,28.1879938,29.16719952,27.87027913,29.13095293,247061759.3,2024,1,0,0,0,0,0
7/21/2024,AVAX,29.13098029,32.94784634,28.62366824,32.60566016,758424815.3,2024,1,1,0,0,0,0
7/22/2024,AVAX,32.60566016,32.88992358,31.40718357,31.85889715,499061367.7,2024,0,1,0,0,0,0
7/23/2024,AVAX,31.85889715,32.60590762,29.5396803,29.8410678,474364433.2,2024,0,2,0,0,0,0
7/24/2024,AVAX,29.84185597,30.49044249,28.31222977,28.39635402,447694426.8,2024,0,0,1,0,0,0
7/25/2024,AVAX,28.39607627,28.55320059,26.34903605,27.25728797,400103089.2,2024,0,0,0,0,0,0
7/26/2024,AVAX,27.25732025,28.83883417,27.20052753,28.70883926,345076408.5,2024,1,0,0,0,0,0
7/27/2024,AVAX,28.70922156,29.4897395,27.72916982,28.08483338,294617908.9,2024,0,0,0,0,0,0
7/28/2024,AVAX,28.08483338,28.15249882,27.1629829,27.40057445,186939609.2,2024,0,1,0,0,0,0
7/29/2024,AVAX,27.4005569,28.81195668,27.08311063,27.08311063,345660151.3,2024,0,0,0,0,0,0
7/30/2024,AVAX,27.08311063,27.28857023,26.11893127,26.33918888,233626463.8,2024,0,0,0,0,0,0
7/31/2024,AVAX,26.33918888,26.82242535,25.46946276,25.71908888,274132419.9,2024,0,0,0,0,0,0
8/1/2024,AVAX,25.71908888,25.883524,24.13870133,25.72310832,296943608.9,2024,1,0,0,0,0,0
8/2/2024,AVAX,25.72310832,25.85492851,23.43113411,23.59450338,325550806.9,2024,0,0,0,0,0,0
8/3/2024,AVAX,23.59466467,24.07581301,22.2501929,22.68356769,270795273.1,2024,0,1,0,0,0,0
8/4/2024,AVAX,22.68356769,22.92548438,20.66783894,21.22766896,270824417,2024,0,0,0,0,0,0
8/5/2024,AVAX,21.22766896,21.33831013,17.48719396,19.54934074,987178110.9,2024,0,0,0,0,0,0
8/6/2024,AVAX,19.54926125,21.4486953,19.54599113,20.87719436,352023956.8,2024,1,0,0,0,0,0
8/7/2024,AVAX,20.87719436,21.68605097,19.7442905,19.82934845,285635733.2,2024,0,0,0,0,0,0
8/8/2024,AVAX,19.82934845,22.76522751,19.61339118,22.73710575,296564440.6,2024,1,1,0,0,0,0
8/9/2024,AVAX,22.73710575,22.76107355,21.35624499,21.77415493,237335759.8,2024,0,0,0,0,0,0
8/10/2024,AVAX,21.77415493,22.02133209,21.43961062,21.58826058,133818906.6,2024,0,2,0,0,0,0
8/11/2024,AVAX,21.58837636,22.34476256,20.42733271,20.42854745,189436264.5,2024,0,0,1,0,0,0
8/12/2024,AVAX,20.42854745,21.66364925,20.37899633,21.28951451,241874343.2,2024,1,0,0,0,0,0
8/13/2024,AVAX,21.28951451,21.60155031,20.64847668,21.40405973,189686138.8,2024,1,0,0,0,0,0
8/14/2024,AVAX,21.40405973,21.85294399,20.83997754,20.97269794,179944461.7,2024,0,1,0,0,0,0
8/15/2024,AVAX,20.97269794,21.14199676,19.89860548,20.14133765,241013187.4,2024,0,1,0,0,0,0
8/16/2024,AVAX,20.14149894,20.68081195,19.85720108,20.39437608,182512415.4,2024,1,0,0,0,0,0
8/17/2024,AVAX,20.39437608,20.67101871,20.26510884,20.67094401,101104215.1,2024,1,0,0,0,0,0
8/18/2024,AVAX,20.67094401,21.49272298,20.56649091,20.81970123,151064029.8,2024,1,1,0,0,0,0
8/19/2024,AVAX,20.81970123,21.23527513,20.44474853,21.22741214,165359093.6,2024,1,1,0,0,0,0
8/20/2024,AVAX,21.22741214,22.75967859,21.20480516,22.4251136,283519502.2,2024,1,2,0,0,0,0
8/21/2024,AVAX,22.25629373,23.76346108,22.25629373,23.52741389,293546446.4,2024,1,2,1,0,0,0
8/22/2024,AVAX,23.52741389,25.27447404,23.10200475,25.26703432,342253539,2024,1,3,1,0,0,0
8/23/2024,AVAX,25.2668973,26.96738272,25.2360997,26.5195189,487111253.4,2024,1,3,0,0,1,0
8/24/2024,AVAX,26.51961986,27.99832073,26.23425314,27.16584254,340043250.7,2024,1,4,0,0,1,0
8/25/2024,AVAX,27.16584254,27.64244004,26.22050671,26.96491998,305158502.8,2024,0,4,0,0,0,0
8/26/2024,AVAX,26.96491998,27.19649973,25.9345506,25.95624614,303438099.9,2024,0,5,0,0,0,0
8/27/2024,AVAX,25.95624614,26.78548215,23.80750914,24.10163782,321291989.3,2024,0,0,0,0,0,0
8/28/2024,AVAX,24.10163782,24.80661271,23.23338006,23.46433537,333317595.1,2024,0,0,0,0,0,0
8/29/2024,AVAX,23.46433537,24.65316276,22.80751585,22.90632423,274417039.1,2024,0,0,0,0,0,0
8/30/2024,AVAX,22.90677765,23.6037016,22.27901845,23.28690135,242434307.7,2024,1,0,0,0,0,0
8/31/2024,AVAX,23.28690135,23.34783585,22.54907494,22.79757537,120764897.3,2024,0,0,0,0,0,0
9/1/2024,AVAX,22.79757537,22.8177331,21.23562802,21.44817282,225766458.1,2024,0,1,0,0,0,0
9/2/2024,AVAX,21.44817282,22.52987222,21.40127496,22.36886258,184335608.4,2024,1,0,0,0,0,0
9/3/2024,AVAX,22.36886258,22.69561012,21.38365494,21.38365494,173297593.5,2024,0,0,0,0,0,0
9/4/2024,AVAX,21.38365494,22.27553831,20.69647601,21.89966502,222847327.4,2024,1,1,0,0,0,0
9/5/2024,AVAX,21.89969535,22.16934641,21.25245561,21.36656085,159690610.4,2024,0,0,0,0,0,0
9/6/2024,AVAX,21.36656085,22.13432661,20.54716823,21.14737154,305777163.9,2024,0,2,0,0,0,0
9/7/2024,AVAX,21.14715882,21.97831435,21.06698429,21.79734522,138843986.8,2024,1,0,1,0,0,0
9/8/2024,AVAX,21.79734522,23.46632818,21.74995042,23.21596697,236441926.9,2024,1,0,0,0,0,0
9/9/2024,AVAX,23.21596697,24.30732632,23.18411008,23.85966833,284956740.1,2024,1,1,0,0,0,0
9/10/2024,AVAX,23.85966833,24.53673333,23.60438392,24.35990972,207002559.1,2024,1,1,0,0,0,0
9/11/2024,AVAX,24.36018161,24.48965891,22.93328226,23.29693618,239140351.7,2024,0,2,0,0,0,0
9/12/2024,AVAX,23.29693618,24.03182552,23.28524767,24.02888905,213390699.7,2024,1,2,1,0,0,0
9/13/2024,AVAX,24.02888905,25.09305988,23.68268875,24.95227162,258822733.7,2024,1,0,1,0,0,0
9/14/2024,AVAX,24.952677,25.64888461,24.63634474,25.33050101,183882257.7,2024,1,3,0,0,0,0
9/15/2024,AVAX,25.33050101,25.36361031,23.73596254,23.83769683,194956669.5,2024,0,1,0,0,1,0
9/16/2024,AVAX,23.83769683,24.21171309,23.25825781,23.51923166,233303180,2024,0,4,0,0,0,0
9/17/2024,AVAX,23.51923166,24.46142213,23.17529449,23.75840064,225254583.2,2024,1,0,0,0,0,0
9/18/2024,AVAX,23.75840064,24.63865058,22.8711994,24.63865058,284771341.1,2024,1,0,0,0,0,0
9/19/2024,AVAX,24.63865058,26.75040646,24.6378869,26.65570922,450224105.5,2024,1,1,0,0,0,0
9/20/2024,AVAX,26.65585208,28.65788624,26.49061412,27.59993161,526269388,2024,1,1,0,0,0,0
9/21/2024,AVAX,27.59993161,28.06106837,27.05791093,27.84765635,214929916.1,2024,1,2,0,0,0,0
9/22/2024,AVAX,27.84765635,27.84765635,26.51956957,27.33719648,228253627.3,2024,0,2,1,0,0,0
9/23/2024,AVAX,27.33719648,28.14179259,26.67772625,27.40710081,361459723.8,2024,1,3,1,0,0,0
9/24/2024,AVAX,27.40710081,28.50322727,26.89152627,28.48175998,344591265.7,2024,1,0,0,0,1,0
9/25/2024,AVAX,28.48192291,28.48255541,27.19045737,27.29014425,377318861.3,2024,0,4,0,0,0,0
9/26/2024,AVAX,27.29014425,29.3995351,26.99502932,29.154499,481475076.5,2024,1,1,0,0,0,0
9/27/2024,AVAX,29.154499,30.78474589,28.95863873,30.44928906,429836780.9,2024,1,0,0,0,0,0
9/28/2024,AVAX,30.44928906,30.73416633,29.10500153,29.33069208,278757606.8,2024,0,2,0,0,0,0
9/29/2024,AVAX,29.33069208,29.45196075,28.31262286,29.06988052,284304342.7,2024,0,1,1,0,0,0
9/30/2024,AVAX,29.06988052,29.06988052,27.61258159,27.73894941,397914811.1,2024,0,0,0,0,0,0
10/1/2024,AVAX,27.73894941,28.86799766,25.22844033,25.86651588,591569105.4,2024,0,0,0,0,0,0
10/2/2024,AVAX,25.86623873,26.75011679,25.10836084,25.38121669,387669295.3,2024,0,0,0,0,0,0
10/3/2024,AVAX,25.38121669,25.62788042,23.94348022,24.65347556,405957042.2,2024,0,0,0,0,0,0
10/4/2024,AVAX,24.65347556,26.48560121,24.46503861,26.24127998,333503580.1,2024,1,0,0,0,0,0
10/5/2024,AVAX,26.24127998,26.39147383,25.13379742,25.69071094,203836787,2024,0,0,0,0,0,0
10/6/2024,AVAX,25.69071094,27.06745689,25.52190467,26.92857231,246688544.9,2024,1,1,0,0,0,0
10/7/2024,AVAX,26.92857231,27.67404892,26.55677429,26.55677429,342346768.7,2024,0,0,0,0,0,0
10/8/2024,AVAX,26.55677429,27.1475905,26.07425709,26.33306817,279668835.5,2024,0,2,0,0,0,0
10/9/2024,AVAX,26.33306817,26.64926101,25.69835979,25.76628209,291046814.7,2024,0,0,1,0,0,0
10/10/2024,AVAX,25.76628209,26.30753777,25.06506457,25.85478335,277816995.1,2024,1,0,0,0,0,0
10/11/2024,AVAX,25.85471761,27.53677139,25.75602231,27.41640809,275196332.3,2024,1,0,0,0,0,0
10/12/2024,AVAX,27.41640809,29.33539869,27.41640809,28.62753242,382332550.1,2024,1,1,0,0,0,0
10/13/2024,AVAX,28.62753242,29.30598956,28.322559,29.1714847,324930237.4,2024,1,1,0,0,0,0
10/14/2024,AVAX,29.17160665,29.79548405,28.69758507,29.0628162,383950328.3,2024,0,2,0,0,0,0
10/15/2024,AVAX,29.0628162,29.49889674,27.61377418,28.19129341,525425042.9,2024,0,2,1,0,0,0
10/16/2024,AVAX,28.19129341,28.19452794,27.27511358,28.04302116,344052071.9,2024,0,0,1,0,0,0
10/17/2024,AVAX,28.04302116,28.229105,26.87878342,27.26109219,246289159.4,2024,0,0,0,0,0,0
10/18/2024,AVAX,27.26232311,28.13713841,27.11170505,28.10056767,182973905.6,2024,1,0,0,0,0,0
10/19/2024,AVAX,28.10056767,28.41972536,27.74331229,28.10854977,130507026.3,2024,1,0,0,0,0,0
10/20/2024,AVAX,28.10854977,28.96370568,27.77982758,28.93516832,170244985.6,2024,1,1,0,0,0,0
10/21/2024,AVAX,28.93516832,29.27829521,27.40577682,27.74962678,307767782.2,2024,0,1,0,0,0,0
10/22/2024,AVAX,27.74962678,28.18656023,27.27376805,27.60382191,287607239.6,2024,0,2,0,0,0,0
10/23/2024,AVAX,27.60382191,27.65413529,25.92408877,26.66287196,283121245.9,2024,0,0,1,0,0,0
10/24/2024,AVAX,26.75874327,27.20347569,26.42261209,26.83341257,220372769.5,2024,1,0,0,0,0,0
10/25/2024,AVAX,26.83341257,26.83984464,24.17648051,24.89298892,353648637.2,2024,0,0,0,0,0,0
10/26/2024,AVAX,24.89298892,25.6191618,24.59290925,25.38661341,185204600.2,2024,1,1,0,0,0,0
10/27/2024,AVAX,25.38661341,25.87872209,25.2379972,25.73275216,113629702.4,2024,1,0,0,0,0,0
10/28/2024,AVAX,25.73303564,26.47589546,25.05948196,26.25590233,252758395.2,2024,1,2,0,0,0,0
10/29/2024,AVAX,26.25576534,27.12061078,26.18859097,26.8483782,266070222.3,2024,1,1,1,0,0,0
10/30/2024,AVAX,26.8483782,26.86583507,26.02806931,26.19824263,242724462.5,2024,0,3,0,0,0,0
10/31/2024,AVAX,26.19824263,26.1991061,24.68597618,25.01712387,228654285.3,2024,0,2,0,0,1,0
11/1/2024,AVAX,25.01712387,25.67954468,24.43175394,24.79058034,258046918.4,2024,0,0,1,0,0,0
11/2/2024,AVAX,24.79058034,25.00366797,24.00838822,24.08813117,136177246.4,2024,0,0,0,0,0,0
11/3/2024,AVAX,24.08813117,24.1711978,22.63079337,23.53824998,272834544.4,2024,0,0,0,0,0,0
11/4/2024,AVAX,23.53824998,23.88570947,22.38014982,22.70597237,257203288.7,2024,0,0,0,0,0,0
11/5/2024,AVAX,22.70597237,24.42225122,22.61531788,23.99547518,254877588.2,2024,1,0,0,0,0,0
11/6/2024,AVAX,23.99547518,27.27164694,23.99547518,27.03334392,622787876.4,2024,1,0,0,0,0,0
11/7/2024,AVAX,27.03334392,27.99321144,26.61012212,27.38312089,480668334.2,2024,1,1,0,0,0,0
11/8/2024,AVAX,27.38312089,28.77625645,27.1774407,28.77614074,437139762.4,2024,1,1,0,0,0,0
11/9/2024,AVAX,28.77614074,30.43113407,28.6006132,30.41794655,441332769.3,2024,1,2,0,0,0,0
11/10/2024,AVAX,30.41795816,33.22958296,29.78101218,31.98267075,968497492.3,2024,1,2,1,0,0,0
11/11/2024,AVAX,31.98267075,35.76188069,30.7874032,35.7591989,1369370972,2024,1,3,1,0,0,0
11/12/2024,AVAX,35.7591989,37.64361735,32.81562092,34.04673209,1838315195,2024,0,3,0,0,1,0
11/13/2024,AVAX,34.04597211,35.03453916,31.27214189,33.13338901,1511749059,2024,0,4,0,0,1,0
11/14/2024,AVAX,33.13338901,34.67746091,30.80018303,31.16067024,852265511.7,2024,0,0,0,0,0,0
11/15/2024,AVAX,31.16003857,33.23571238,30.66400808,33.14621743,675943239.8,2024,1,0,0,0,0,0
11/16/2024,AVAX,33.09737043,35.6113954,32.88078574,35.11469311,833850531,2024,1,0,0,0,0,0
11/17/2024,AVAX,35.11469311,37.1824774,33.22418343,34.73808577,1172065142,2024,0,1,0,0,0,0
11/18/2024,AVAX,34.73808577,36.10569768,34.25575433,35.44845729,890069194.8,2024,1,1,0,0,0,0
11/19/2024,AVAX,35.44779218,35.61478984,33.6379087,34.27410774,664506764.9,2024,0,0,0,0,0,0
11/20/2024,AVAX,34.27379483,35.69593293,32.86400941,33.58571383,768090736.9,2024,0,2,0,0,0,0
11/21/2024,AVAX,33.58573893,36.15217318,32.43586678,35.82438643,919488028.9,2024,1,0,1,0,0,0
11/22/2024,AVAX,35.82456209,43.26363135,35.2719732,43.08974079,1853305714,2024,1,0,0,0,0,0
11/23/2024,AVAX,43.08972122,45.0468664,40.91551688,41.48998632,1929765400,2024,0,1,0,0,0,0
11/24/2024,AVAX,41.48998632,42.97883003,38.77802227,42.04306394,1401619979,2024,1,1,0,0,0,0
11/25/2024,AVAX,42.04306394,47.6303409,40.27899895,41.3960773,2198820064,2024,0,0,0,0,0,0
11/26/2024,AVAX,41.39488842,43.26472052,38.65792368,42.77906037,1538218514,2024,1,2,0,0,0,0
11/27/2024,AVAX,42.77759408,44.36920311,42.08385325,43.91240583,1220290175,2024,1,0,1,0,0,0
11/28/2024,AVAX,43.9126761,44.15614278,41.61989525,42.84018376,709342516.4,2024,0,3,0,0,0,0
11/29/2024,AVAX,42.84017529,45.03740758,42.60918117,44.92411101,755020168.6,2024,1,1,0,0,1,0
11/30/2024,AVAX,44.92411101,46.1908307,43.76328886,44.89286698,738899863.4,2024,0,0,0,0,0,0
12/1/2024,AVAX,44.89269009,45.69475019,43.87283806,45.0918238,737035870.8,2024,1,2,0,0,0,0
12/2/2024,AVAX,45.09349068,52.33569074,45.08898966,52.31305569,3304021551,2024,1,0,1,0,0,0
12/3/2024,AVAX,52.31455285,53.75947609,48.54588502,50.99949018,2337355056,2024,0,3,0,0,0,0
12/4/2024,AVAX,50.99949018,55.69744434,50.95130049,52.81733999,1899587373,2024,1,1,0,0,1,0
12/5/2024,AVAX,52.81198961,53.55107702,49.93457327,50.81978214,1436459355,2024,0,0,0,0,0,0
12/6/2024,AVAX,50.45361093,53.47829904,49.92771311,52.58928992,1051746898,2024,1,2,0,0,0,0
12/7/2024,AVAX,52.58928992,53.0430195,51.33758045,51.67603519,597601547,2024,0,0,1,0,0,0
12/8/2024,AVAX,51.74533582,54.33829968,50.49364015,53.93350285,814725035.3,2024,1,3,0,0,0,0
12/9/2024,AVAX,54.11126176,54.17499256,41.21001064,45.23026492,1930934570,2024,0,0,0,0,1,0
12/10/2024,AVAX,45.23076933,46.40791415,41.44830107,44.63996511,1441194376,2024,0,4,0,0,0,0
12/11/2024,AVAX,44.64183087,48.37877265,42.93298647,48.37092539,865434226.8,2024,1,0,0,0,0,0
12/12/2024,AVAX,48.37453266,55.19392004,48.32626477,53.11970282,1824782725,2024,1,0,0,0,0,0
12/13/2024,AVAX,53.120076,53.93542461,50.96235601,52.70176294,948118175.8,2024,0,1,0,0,0,0
12/14/2024,AVAX,52.70176294,53.73722648,49.4598774,49.83277079,706207492.9,2024,0,1,0,0,0,0
12/15/2024,AVAX,49.8306235,51.26703227,48.16469636,50.75461445,755577878,2024,1,0,0,0,0,0
12/16/2024,AVAX,50.75557038,51.91432701,48.47699645,48.9932592,862749861.8,2024,0,0,0,0,0,0
12/17/2024,AVAX,48.9932592,50.8057382,47.60689373,47.83877312,743674964.6,2024,0,1,0,0,0,0
12/18/2024,AVAX,47.83875854,48.16446351,42.76815348,42.80390792,1142828284,2024,0,0,0,0,0,0
12/19/2024,AVAX,42.80350806,43.52767063,37.6897857,38.91089457,1306741716,2024,0,0,0,0,0,0
12/20/2024,AVAX,38.90714,40.29148752,33.6774228,39.81724449,1322742516,2024,1,0,0,0,0,0
12/21/2024,AVAX,39.81724449,42.29633638,36.98344135,37.40167469,676474348.4,2024,0,0,0,0,0,0
12/22/2024,AVAX,37.401367,38.47485658,35.59923151,36.5160327,512824678.5,2024,0,1,0,0,0,0
12/23/2024,AVAX,36.51995361,39.56215776,35.69780793,39.02850293,789241250.4,2024,1,0,0,0,0,0
12/24/2024,AVAX,39.02867836,41.89959752,37.7271803,41.21257557,650595702.9,2024,1,0,0,0,0,0
12/25/2024,AVAX,41.21100797,41.80654603,39.87330229,40.2484926,392462926,2024,0,1,0,0,0,0
12/26/2024,AVAX,40.24665987,40.62195271,37.01044059,37.28079725,504900895.5,2024,0,1,0,0,0,0
12/27/2024,AVAX,37.28119553,38.94218404,36.32023164,36.48052419,472646946.4,2024,0,0,0,0,0,0
12/28/2024,AVAX,36.48116935,38.0226553,36.30048167,37.66184745,315276471.9,2024,1,0,0,0,0,0
12/29/2024,AVAX,37.66184745,37.68271284,35.51964509,35.82666281,338847921.9,2024,0,0,0,0,0,0
12/30/2024,AVAX,35.82663603,37.0873073,34.87094846,35.90605461,608777704.4,2024,1,1,0,0,0,0
12/31/2024,AVAX,35.90605461,37.14768534,34.95910497,35.69093032,342457823.4,2024,0,0,0,0,0,0
1/1/2025,AVAX,35.69093032,37.8699102,34.96054037,37.69343775,334807161.8,2025,1,2,0,0,0,0
1/2/2025,AVAX,37.69344586,40.50159348,37.68996317,39.22916014,522067296.7,2025,1,0,1,0,0,0
1/3/2025,AVAX,39.22829805,42.13809826,38.90967013,41.88275037,617233779.9,2025,1,3,0,0,0,0
1/4/2025,AVAX,41.88218127,42.8236035,40.99794802,42.68106733,451368108.4,2025,1,1,0,0,1,0
1/5/2025,AVAX,42.68087674,43.14551941,41.28764631,43.07923455,394208894.7,2025,1,4,0,0,0,0
1/6/2025,AVAX,43.07923455,44.97942066,42.07746496,44.09741512,676573179.1,2025,1,2,0,0,0,0
1/7/2025,AVAX,44.09754854,44.52291554,39.26327962,39.26634201,718791551.4,2025,0,5,1,0,0,0
1/8/2025,AVAX,39.26634201,39.87239203,36.38608941,37.42233326,692004531.6,2025,0,3,0,0,0,0
1/9/2025,AVAX,37.42233326,37.87865607,35.56923983,36.18815465,482489076.6,2025,0,0,0,0,1,0
1/10/2025,AVAX,36.18817456,37.9009572,35.99389762,36.68634743,504078948.1,2025,1,0,0,0,0,0
1/11/2025,AVAX,36.68634743,37.70489276,36.04962142,37.09522023,264638508.1,2025,1,0,0,0,0,0
1/12/2025,AVAX,37.09522023,37.50807897,36.12608492,36.55796634,241246915,2025,0,1,0,0,0,0
1/13/2025,AVAX,36.55796634,37.29485555,32.9631204,35.28932607,572190127.1,2025,0,1,0,0,0,0
1/14/2025,AVAX,35.29032476,36.67301024,35.05837953,36.50234543,291606376.2,2025,1,0,0,0,0,0
1/15/2025,AVAX,36.50262613,39.91694095,36.28029096,39.85282276,500173933.7,2025,1,0,0,0,0,0
1/16/2025,AVAX,39.85343953,40.4448716,38.40142137,40.04843577,481653335.2,2025,1,1,0,0,0,0
1/17/2025,AVAX,40.0479443,41.79570782,40.04760462,41.3915407,432536418.9,2025,1,1,0,0,0,0
1/18/2025,AVAX,41.3915407,41.62980096,38.38263576,39.24570948,500077819.8,2025,0,2,0,0,0,0
1/19/2025,AVAX,39.24538161,40.45109947,35.24105046,35.57537343,860313012.4,2025,0,2,1,0,0,0
1/20/2025,AVAX,35.57020918,39.31837501,34.54949473,35.95790417,1168790460,2025,1,0,1,0,0,0
1/21/2025,AVAX,35.95797666,37.55774255,34.59984449,36.92248115,514450440.7,2025,1,0,0,0,0,0
1/22/2025,AVAX,36.92248115,37.72325496,36.5974818,36.75145863,306071927.6,2025,0,1,0,0,0,0
1/23/2025,AVAX,36.75145863,36.86490984,34.75164384,35.5918849,459399066.7,2025,0,1,0,0,0,0
1/24/2025,AVAX,35.59232667,36.74484604,34.6364992,35.33805213,561930581.8,2025,0,0,0,0,0,0
1/25/2025,AVAX,35.33770312,37.20519926,34.95508676,36.62108013,633077814.2,2025,1,0,0,0,0,0
1/26/2025,AVAX,36.62180524,38.13318996,35.85732636,35.85732636,351844441.4,2025,0,0,0,0,0,0
1/27/2025,AVAX,35.85547445,35.9755186,32.9170978,34.19962537,686036211.1,2025,0,1,0,0,0,0
1/28/2025,AVAX,34.20404992,34.4915453,31.88039203,32.12329782,347595465.4,2025,0,0,0,0,0,0
1/29/2025,AVAX,32.12304141,33.74737679,31.94445245,32.7752378,406122842.8,2025,1,0,0,0,0,0
1/30/2025,AVAX,32.77690318,34.64218465,32.50153429,34.31017662,314772917.5,2025,1,0,0,0,0,0
1/31/2025,AVAX,34.30886565,36.10399938,33.83062995,34.39764278,408161766,2025,1,1,0,0,0,0
2/1/2025,AVAX,34.39739164,35.06610465,31.93166008,32.18126223,298434498.4,2025,0,1,0,0,0,0
2/2/2025,AVAX,32.18126223,32.56208456,26.41944662,27.57631594,826871838.8,2025,0,2,0,0,0,0
2/3/2025,AVAX,27.57649794,28.78011012,22.20260643,28.41798157,1827441235,2025,1,0,1,0,0,0
2/4/2025,AVAX,28.41794304,28.61758642,25.58834751,26.52422907,673184054.4,2025,0,0,0,0,0,0
2/5/2025,AVAX,26.524182,27.37262387,25.69465473,25.87211621,369790683.5,2025,0,1,0,0,0,0
2/6/2025,AVAX,25.8718177,26.80778536,24.37343172,24.50727763,359084186.5,2025,0,0,0,0,0,0
2/7/2025,AVAX,24.50695505,26.18919932,23.77184816,24.45077564,374747957.3,2025,0,0,0,0,0,0
2/8/2025,AVAX,24.4512599,24.79362792,23.96496195,24.59956734,191355665.7,2025,1,0,0,0,0,0
2/9/2025,AVAX,24.59908276,25.4786137,23.75559194,24.91288732,277872000.5,2025,1,0,0,0,0,0
2/10/2025,AVAX,24.91288732,25.94575116,23.94032655,25.63951887,320056403.4,2025,1,1,0,0,0,0
2/11/2025,AVAX,25.63951887,26.9619856,24.93866273,25.39145925,372729240.5,2025,0,1,0,0,0,0
2/12/2025,AVAX,25.39147793,27.02048506,24.43290154,26.49366715,452352647.5,2025,1,2,0,0,0,0
2/13/2025,AVAX,26.49366715,26.59166599,25.14626068,25.41615497,290056933.6,2025,0,0,1,0,0,0
2/14/2025,AVAX,25.41589181,27.17354443,25.33290067,26.3947678,338474857.9,2025,1,3,0,0,0,0
2/15/2025,AVAX,26.39493729,26.94767338,25.4175779,25.48984049,192755886.6,2025,0,0,0,0,1,0
2/16/2025,AVAX,25.4901105,25.55772175,24.78457465,24.83725799,208197235.9,2025,0,4,0,0,0,0
2/17/2025,AVAX,24.83685256,25.92212068,24.49518739,25.02881482,330618843.9,2025,1,0,0,0,0,0
2/18/2025,AVAX,25.02873098,25.10608198,22.95533449,23.48827314,381480791.4,2025,0,0,0,0,0,0
2/19/2025,AVAX,23.48853272,24.00155914,23.02533283,23.72795929,290366056.5,2025,1,1,0,0,0,0
2/20/2025,AVAX,23.72795929,25.32773273,23.72728937,25.14973316,352566833.5,2025,1,0,0,0,0,0
2/21/2025,AVAX,25.14941497,26.47578782,23.81600406,24.51916465,601404829.7,2025,0,2,0,0,0,0
2/22/2025,AVAX,24.51916465,26.33824111,24.48332173,25.81649603,393255919.6,2025,1,1,1,0,0,0
2/23/2025,AVAX,25.81649603,25.95378797,24.4309493,24.88555255,256055664.1,2025,0,0,0,0,0,0
2/24/2025,AVAX,24.88426012,25.13334969,21.75486817,21.88091316,556184604,2025,0,2,0,0,0,0
2/25/2025,AVAX,21.88040688,22.28801991,20.43687567,21.93136786,955836925.7,2025,1,0,1,0,0,0
2/26/2025,AVAX,21.93136786,22.47026286,21.06825199,21.79701385,528245200.9,2025,0,0,0,0,0,0
2/27/2025,AVAX,21.79701385,23.31713775,21.66097606,22.49307335,413198028.9,2025,1,1,0,0,0,0
2/28/2025,AVAX,22.49307335,22.54392237,20.29476795,22.36879376,742484608.3,2025,0,0,0,0,0,0
3/1/2025,AVAX,22.36885446,22.4568256,21.08475033,21.87114048,266943721.6,2025,0,2,0,0,0,0
3/2/2025,AVAX,21.8709553,24.98057048,21.62153126,24.94097399,815445770.3,2025,1,0,1,0,0,0
3/3/2025,AVAX,24.94090477,25.07603971,20.6411864,20.93651841,607903958,2025,0,0,0,0,0,0
3/4/2025,AVAX,20.93689982,21.07248977,18.98331512,20.0086019,762415239,2025,0,1,0,0,0,0
3/5/2025,AVAX,20.00938513,22.39214546,19.71605094,21.7286661,558367628.6,2025,1,0,0,0,0,0
3/6/2025,AVAX,21.7286661,22.48692928,20.9456729,21.02910895,488753037,2025,0,0,0,0,0,0
3/7/2025,AVAX,21.02910895,21.1436282,19.77771624,20.09692994,552573508.1,2025,0,1,0,0,0,0
3/8/2025,AVAX,20.09692994,21.01497976,19.48543203,20.47109167,308597153,2025,1,0,0,0,0,0
3/9/2025,AVAX,20.47112585,20.65918259,17.83638291,17.95788243,320273559.2,2025,0,0,0,0,0,0
3/10/2025,AVAX,17.95575936,19.00004155,16.22028528,16.28597062,527953869.1,2025,0,1,0,0,0,0
3/11/2025,AVAX,16.28557688,17.866759,15.37990805,17.47471752,670199827.3,2025,1,0,0,0,0,0
3/12/2025,AVAX,17.47483865,18.93383154,16.96878887,18.89916345,418884253.2,2025,1,0,0,0,0,0
3/13/2025,AVAX,18.89916345,19.28087785,17.78290804,18.49971374,357447076.8,2025,0,1,0,0,0,0
3/14/2025,AVAX,18.49971374,19.26436411,18.49861768,18.56993415,299117682.5,2025,1,1,0,0,0,0
3/15/2025,AVAX,18.56981322,19.45633253,18.41266927,19.41447601,274731087.1,2025,1,0,0,0,0,0
3/16/2025,AVAX,19.41443069,19.80494498,18.14929932,18.2911391,251537677.4,2025,0,2,0,0,0,0
3/17/2025,AVAX,18.29111815,19.06882039,18.25593633,18.83210789,264901612.6,2025,1,1,1,0,0,0
3/18/2025,AVAX,18.83204017,19.23411526,18.37550617,19.0016122,265141173.3,2025,1,0,0,0,0,0
3/19/2025,AVAX,19.0016122,20.0584823,18.86578629,19.74834636,361404418.3,2025,1,2,0,0,0,0
3/20/2025,AVAX,19.74858495,19.83207601,18.44213056,18.73092484,236868273.3,2025,0,1,1,0,0,0
3/21/2025,AVAX,18.73078872,19.43737446,18.38875255,19.15434037,192050441.7,2025,1,3,0,0,0,0
3/22/2025,AVAX,19.1543539,19.71517352,19.11447485,19.4201249,150619020.7,2025,1,0,0,0,1,0
3/23/2025,AVAX,19.4201249,19.81213466,19.33352788,19.81165986,160264018.4,2025,1,4,0,0,0,0
3/24/2025,AVAX,19.81137415,22.08034871,19.8101553,21.46042824,502855575.4,2025,1,1,0,0,0,0
3/25/2025,AVAX,21.46044368,23.43741799,21.33403552,22.92437506,368087459.3,2025,1,5,0,0,0,0
3/26/2025,AVAX,22.92437506,23.22555191,21.87047981,22.04778583,287117609.8,2025,0,2,0,0,0,0
3/27/2025,AVAX,22.04766534,22.3506326,21.66950037,22.00026004,231004332.9,2025,0,6,1,0,0,0
3/28/2025,AVAX,22.00030499,22.16634251,19.8065494,20.3736745,324964702.6,2025,0,0,0,0,0,0
3/29/2025,AVAX,20.37107465,20.51750755,19.50424549,19.65475553,234283284.5,2025,0,0,0,0,0,0
3/30/2025,AVAX,19.65452404,19.87858624,18.73282542,18.86283164,222561605.8,2025,0,0,0,0,0,0
3/31/2025,AVAX,18.86281179,19.10021781,18.21555664,18.76894865,253348453,2025,0,0,0,0,0,0
4/1/2025,AVAX,18.76893914,19.92537253,18.74103471,19.79265832,287419415.1,2025,1,0,0,0,0,0
4/2/2025,AVAX,19.79243,19.82460414,17.80935291,18.01355117,475338407.8,2025,0,0,0,0,0,0
4/3/2025,AVAX,18.01342308,18.96429495,17.6201088,18.13379351,333215973.7,2025,1,1,0,0,0,0
4/4/2025,AVAX,18.13380834,18.74676033,17.67347489,18.18171905,346981297.8,2025,1,0,0,0,0,0
4/5/2025,AVAX,18.18171905,18.35824666,17.72951942,17.89161863,135715781.1,2025,0,2,0,0,0,0
4/6/2025,AVAX,17.8914879,17.89511364,15.6528595,15.99471561,354643328.2,2025,0,1,1,0,0,0
4/7/2025,AVAX,15.99458048,17.11087258,14.70335761,16.69476223,729973331.5,2025,1,0,0,0,0,0
4/8/2025,AVAX,16.6947888,17.68502114,15.95778605,16.12175433,361405461.4,2025,0,0,0,0,0,0
4/9/2025,AVAX,16.12175433,18.8276491,15.62839474,18.44510311,610138171.3,2025,1,1,0,0,0,0
4/10/2025,AVAX,18.4455873,18.44578562,17.63196346,18.33024176,282886887.6,2025,0,0,0,0,0,0
4/11/2025,AVAX,18.32937565,19.54140773,18.31991041,19.16181943,331255925.5,2025,1,2,0,0,0,0
4/12/2025,AVAX,19.16181943,20.99173066,18.86099943,20.46950622,330578712.4,2025,1,0,1,0,0,0
4/13/2025,AVAX,20.47017575,20.62724717,19.37850126,19.58662114,270016996.1,2025,0,3,0,0,0,0
4/14/2025,AVAX,19.58663633,20.59693141,19.58130098,20.09187029,393253372.6,2025,1,1,0,0,1,0
4/15/2025,AVAX,20.09100996,20.25120935,18.99157089,19.03645912,269573528.4,2025,0,0,0,0,0,0
4/16/2025,AVAX,19.03659425,19.25948679,18.56784839,18.7591755,246924498.2,2025,0,2,0,0,0,0
4/17/2025,AVAX,18.75866466,19.54219987,18.71008466,19.03851582,192744227.5,2025,1,0,1,0,0,0
4/18/2025,AVAX,19.03851582,19.31754746,18.8655756,19.07387194,121725906.1,2025,1,0,0,0,0,0
4/19/2025,AVAX,19.07387194,20.33355254,19.04319829,19.8936368,175262076.6,2025,1,1,0,0,0,0
4/20/2025,AVAX,19.89335751,20.01644925,19.249334,19.50095231,157114042.7,2025,0,1,0,0,0,0
4/21/2025,AVAX,19.50095231,20.90123327,19.50095231,19.92521109,347296925.7,2025,1,2,0,0,0,0
4/22/2025,AVAX,19.92375539,22.26878778,19.52055365,22.08037748,456889463.7,2025,1,0,1,0,0,0
4/23/2025,AVAX,22.0800997,23.05001159,21.93746782,22.33847065,443596592.4,2025,1,3,0,0,0,0
4/24/2025,AVAX,22.33847858,22.60797703,21.66159457,22.35796665,329239525.6,2025,1,1,0,0,1,0
4/25/2025,AVAX,22.35794128,22.83129626,21.81797196,22.18809484,377519228,2025,0,4,0,0,0,0
4/26/2025,AVAX,22.18766865,22.93927995,21.77387847,22.42249881,288849374.4,2025,1,2,0,0,0,0
4/27/2025,AVAX,22.42240304,22.77318092,21.70887188,21.75999001,255674724,2025,0,0,1,0,0,0
